source_id,source_so_ky_hieu,target_so_ky_hieu,trigger,evidence
166170,32/2024/QH15,47/2010/QH12,"Sửa đổi, bổ sung","2 Điều này. 2. Khoản 3 Điều 200 và khoản 15 Điều 210 của Luật này có hiệu lực thi hành từ ngày 01 tháng 01 năm 2025. 3. Luật Các tổ chức tín dụng số 47/2010/QH12 đã được sửa đổi, bổ sung một số điều theo Luật số 17/2017/QH14 hết hiệu lực kể từ ngày Luật này có"
166170,32/2024/QH15,17/2017/QH14,"Sửa đổi, bổ sung","này có hiệu lực thi hành từ ngày 01 tháng 01 năm 2025. 3. Luật Các tổ chức tín dụng số 47/2010/QH12 đã được sửa đổi, bổ sung một số điều theo Luật số 17/2017/QH14 hết hiệu lực kể từ ngày Luật này có hiệu lực thi hành, trừ quy định tại các khoản 1, 2, 3, 4, 8, 9,"
166170,32/2024/QH15,47/2010/QH12,"Sửa đổi, bổ sung","nh và cổ đông, cổ đông và người có liên quan tại ngân hàng thương mại sở hữu cổ phần vượt tỷ lệ quy định tại Điều 55 của Luật Các tổ chức tín dụng số 47/2010/QH12 đã được sửa đổi, bổ sung một số điều theo Luật số 17/2017/QH14 phải xây dựng và thực hiện lộ trình"
166170,32/2024/QH15,17/2017/QH14,"Sửa đổi, bổ sung","ng mại sở hữu cổ phần vượt tỷ lệ quy định tại Điều 55 của Luật Các tổ chức tín dụng số 47/2010/QH12 đã được sửa đổi, bổ sung một số điều theo Luật số 17/2017/QH14 phải xây dựng và thực hiện lộ trình để bảo đảm tuân thủ các quy định tại Luật này theo quy định của"
166170,32/2024/QH15,42/2017/QH14,Trích dẫn,ủa Thống đốc Ngân hàng Nhà nước. 6. Tài sản bảo đảm của khoản nợ xấu là dự án bất động sản đã được thu giữ theo quy định tại Điều 7 của Nghị quyết số 42/2017/QH14 về thí điểm xử lý nợ xấu của các tổ chức tín dụng (sau đây gọi là Nghị quyết số 42/2017/QH14) hoặc
166170,32/2024/QH15,42/2017/QH14,Trích dẫn,được thu giữ theo quy định tại Điều 7 của Nghị quyết số 42/2017/QH14 về thí điểm xử lý nợ xấu của các tổ chức tín dụng (sau đây gọi là Nghị quyết số 42/2017/QH14) hoặc đang thực hiện thủ tục chuyển nhượng theo quy định tại Điều 10 của Nghị quyết số 42/2017/QH14
166170,32/2024/QH15,42/2017/QH14,Trích dẫn,ác tổ chức tín dụng (sau đây gọi là Nghị quyết số 42/2017/QH14) hoặc đang thực hiện thủ tục chuyển nhượng theo quy định tại Điều 10 của Nghị quyết số 42/2017/QH14 trước ngày Luật này có hiệu lực thi hành mà đến ngày Luật này có hiệu lực thi hành chưa xử lý xong
166170,32/2024/QH15,42/2017/QH14,Trích dẫn,t này có hiệu lực thi hành mà đến ngày Luật này có hiệu lực thi hành chưa xử lý xong thì được tiếp tục áp dụng quy định tại Điều 10 của Nghị quyết số 42/2017/QH14 từ ngày 01 tháng 01 năm 2024 cho đến khi xử lý xong. 7. Lãi dự thu đã ghi nhận của khoản nợ xấu của
166170,32/2024/QH15,42/2017/QH14,Trích dẫn,toán với giá bán khoản nợ xấu và số tiền dự phòng cụ thể đã trích lập cho khoản nợ này đang được phân bổ theo quy định tại Điều 16 của Nghị quyết số 42/2017/QH14 được tiếp tục thực hiện theo quy định tại Điều 16 của Nghị quyết số 42/2017/QH14 từ ngày 01 tháng 0
166170,32/2024/QH15,42/2017/QH14,Trích dẫn,"nợ này đang được phân bổ theo quy định tại Điều 16 của Nghị quyết số 42/2017/QH14 được tiếp tục thực hiện theo quy định tại Điều 16 của Nghị quyết số 42/2017/QH14 từ ngày 01 tháng 01 năm 2024 cho đến hết ngày 14 tháng 8 năm 2027. 8. Người quản lý, người điều hàn"
166170,32/2024/QH15,47/2010/QH12,"Sửa đổi, bổ sung","oản 2 Điều 51 của Luật này được tiếp tục duy trì số lượng thành viên Ban kiểm soát theo quy định tại khoản 2 Điều 44 của Luật Các tổ chức tín dụng số 47/2010/QH12 đã được sửa đổi, bổ sung một số điều theo Luật số 17/2017/QH14 cho đến hết nhiệm kỳ của Ban kiểm so"
166170,32/2024/QH15,17/2017/QH14,"Sửa đổi, bổ sung","viên Ban kiểm soát theo quy định tại khoản 2 Điều 44 của Luật Các tổ chức tín dụng số 47/2010/QH12 đã được sửa đổi, bổ sung một số điều theo Luật số 17/2017/QH14 cho đến hết nhiệm kỳ của Ban kiểm soát, thành viên Ban kiểm soát, trừ trường hợp ngân hàng thương m"
166170,32/2024/QH15,47/2010/QH12,"Sửa đổi, bổ sung","ây dựng, phê duyệt phương án cơ cấu lại được thực hiện theo quy định tại các mục 1, 1b, 1c, 1d, 1đ và 1e Chương VIII của Luật Các tổ chức tín dụng số 47/2010/QH12 đã được sửa đổi, bổ sung một số điều theo Luật số 17/2017/QH14 về điều chỉnh chủ trương, xây dựng,"
166170,32/2024/QH15,17/2017/QH14,"Sửa đổi, bổ sung","định tại các mục 1, 1b, 1c, 1d, 1đ và 1e Chương VIII của Luật Các tổ chức tín dụng số 47/2010/QH12 đã được sửa đổi, bổ sung một số điều theo Luật số 17/2017/QH14 về điều chỉnh chủ trương, xây dựng, phê duyệt phương án. Phương án cơ cấu lại tổ chức tín dụng được"
166170,32/2024/QH15,47/2010/QH12,"Sửa đổi, bổ sung","có hiệu lực thi hành được tiếp tục duy trì tỷ lệ sở hữu cổ phần phù hợp với quy định tại các khoản 2, 3 và 4 Điều 55 của Luật Các tổ chức tín dụng số 47/2010/QH12 đã được sửa đổi, bổ sung một số điều theo Luật số 17/2017/QH14. 12. Tổ chức tín dụng đang thực hiện"
166170,32/2024/QH15,17/2017/QH14,"Sửa đổi, bổ sung","phù hợp với quy định tại các khoản 2, 3 và 4 Điều 55 của Luật Các tổ chức tín dụng số 47/2010/QH12 đã được sửa đổi, bổ sung một số điều theo Luật số 17/2017/QH14. 12. Tổ chức tín dụng đang thực hiện theo phương án cơ cấu lại được cấp có thẩm quyền quyết định tr"
166170,32/2024/QH15,29/2023/QH15,Trích dẫn,"a) Dự án bất động sản chuyển nhượng phải đáp ứng điều kiện quy định tại các điểm a, d, đ, g và h khoản 1 Điều 40 của Luật Kinh doanh bất động sản số 29/2023/QH15 và phải có quyết định giao đất, cho thuê đất của cơ quan nhà nước có thẩm quyền; b) Bên nhận chuyển"
166170,32/2024/QH15,29/2023/QH15,Trích dẫn,"ớc có thẩm quyền; b) Bên nhận chuyển nhượng dự án phải đáp ứng điều kiện quy định tại các khoản 2, 4 và 5 Điều 40 của Luật Kinh doanh bất động sản số 29/2023/QH15. CHỦ TỊCH QUỐC HỘI Vương Đình Huệ"
112025,73/2016/NĐ-CP,67/2014/NĐ-CP,Trích dẫn,"n đầy đủ nghĩa vụ tài chính theo quy định pháp luật. Điều 86. Đại lý bán sản phẩm bảo hiểm liên kết đầu tư, bảo hiểm hưu trí, bảo hiểm theo Nghị định 67/2014/NĐ-CP 1. Đại lý bảo hiểm bán bảo hiểm liên kết đơn vị phải đáp ứng các điều kiện sau: a) Không vi phạm qu"
112025,73/2016/NĐ-CP,67/2014/NĐ-CP,Trích dẫn,bảo hiểm; c) Được doanh nghiệp bảo hiểm đào tạo và chứng nhận hoàn thành khóa học về sản phẩm bảo hiểm hưu trí. 4. Đại lý bán bảo hiểm theo Nghị định 67/2014/NĐ-CP phải đáp ứng các điều kiện sau: a) Có ít nhất 03 tháng kinh nghiệm hoạt động đại lý bảo hiểm; b) Kh
112025,73/2016/NĐ-CP,67/2014/NĐ-CP,Trích dẫn,ểm và quy tắc đạo đức nghề nghiệp đại lý của doanh nghiệp bảo hiểm; c) Được doanh nghiệp bảo hiểm đào tạo tối thiểu 16 giờ về bảo hiểm theo Nghị định 67/2014/NĐ-CP và cấp chứng nhận hoàn thành khóa học. Mục 2 CƠ SỞ ĐÀO TẠO ĐẠI LÝ BẢO HIỂM Điều 87. Cơ sở đào tạo đ
112025,73/2016/NĐ-CP,45/2007/NĐ-CP,Trích dẫn,áp luật. Chương XI ĐIỀU KHOẢN THI HÀNH Điều 115. Hiệu lực thi hành 1. Nghị định này có hiệu lực thi hành từ ngày 01 tháng 7 năm 2016. 2. Nghị định số 45/2007/NĐ-CP ngày 27 tháng 3 năm 2007 của Chính phủ quy định chi tiết thi hành một số điều của Luật kinh doanh b
112025,73/2016/NĐ-CP,123/2011/NĐ-CP,"Sửa đổi, bổ sung",". Nghị định số 45/2007/NĐ-CP ngày 27 tháng 3 năm 2007 của Chính phủ quy định chi tiết thi hành một số điều của Luật kinh doanh bảo hiểm; Nghị định số 123/2011/NĐ-CP ngày 28 tháng 12 năm 2011 của Chính phủ quy định chi tiết thi hành một số điều của Luật sửa đổi, bổ"
112025,73/2016/NĐ-CP,45/2007/NĐ-CP,"Sửa đổi, bổ sung","ịnh chi tiết thi hành một số điều của Luật sửa đổi, bổ sung một số điều của Luật kinh doanh bảo hiểm và sửa đổi, bổ sung một số điều của Nghị định số 45/2007/NĐ-CP ngày 27 tháng 3 năm 2007 của Chính phủ quy định chi tiết thi hành một số điều của Luật kinh doanh b"
112025,73/2016/NĐ-CP,68/2014/NĐ-CP,"Sửa đổi, bổ sung","a Nghị định số 45/2007/NĐ-CP ngày 27 tháng 3 năm 2007 của Chính phủ quy định chi tiết thi hành một số điều của Luật kinh doanh bảo hiểm; Nghị định số 68/2014/NĐ-CP ngày 09 tháng 7 năm 2014 của Chính phủ sửa đổi, bổ sung một số điều của Nghị định số 45/2007/NĐ-CP"
112025,73/2016/NĐ-CP,45/2007/NĐ-CP,"Sửa đổi, bổ sung","số điều của Luật kinh doanh bảo hiểm; Nghị định số 68/2014/NĐ-CP ngày 09 tháng 7 năm 2014 của Chính phủ sửa đổi, bổ sung một số điều của Nghị định số 45/2007/NĐ-CP ngày 27 tháng 3 năm 2007 của Chính phủ quy định chi tiết thi hành một số điều của Luật kinh doanh b"
112025,73/2016/NĐ-CP,46/2007/NĐ-CP,Trích dẫn,"Nghị định số 45/2007/NĐ-CP ngày 27 tháng 3 năm 2007 của Chính phủ quy định chi tiết thi hành một số điều của Luật kinh doanh bảo hiểm và Nghị định số 46/2007/NĐ-CP ngày 27 tháng 3 năm 2007 của Chính phủ quy định chế độ tài chính đối với doanh nghiệp bảo hiểm, doa"
38128,37/2014/TT-NHNN,46/2010/QH12,Căn cứ,"4 THÔNG TƯ Q uy định việc thiết kế mẫu tiền, chế bản và quản lý in, đúc tiền Việt Nam ____________________ Căn cứ Luật Ngân hàng Nhà nước Việt Nam số 46/2010/QH12 ; Căn cứ Nghị định số 156/2013/NĐ-CP ngày 11/11/2013 của Chính phủ quy định chức năng, nhiệm vụ, qu"
38128,37/2014/TT-NHNN,156/2013/NĐ-CP,Căn cứ,"mẫu tiền, chế bản và quản lý in, đúc tiền Việt Nam ____________________ Căn cứ Luật Ngân hàng Nhà nước Việt Nam số 46/2010/QH12 ; Căn cứ Nghị định số 156/2013/NĐ-CP ngày 11/11/2013 của Chính phủ quy định chức năng, nhiệm vụ, quyền hạn và cơ cấu tổ chức của Ngân hà"
38128,37/2014/TT-NHNN,40/2012/NĐ-CP,Căn cứ,"13/NĐ-CP ngày 11/11/2013 của Chính phủ quy định chức năng, nhiệm vụ, quyền hạn và cơ cấu tổ chức của Ngân hàng Nhà nước Việt Nam; Căn cứ Nghị định số 40/2012/NĐ-CP ngày 02/5/2012 của Chính phủ về nghiệp vụ phát hành tiền; bảo quản, vận chuyển tài sản quý và giấy"
38128,37/2014/TT-NHNN,23/2009/TT-NHNN,Thay thế,"ản in, khuôn đúc và in, đúc tiền. Điều 21. Điều khoản thi hành Thông tư này có hiệu lực thi hành từ ngày 12 tháng 01 năm 2015 và thay thế Thông tư số 23/2009/TT-NHNN ngày 02/12/2009 quy định việc thiết kế mẫu, chế bản và quản lý in, đúc tiền Việt Nam. Điều 22. Trác"
26750,67/2011/QH12,51/2001/QH10,"Sửa đổi, bổ sung","ẬT Kiểm toán độc lập ______ Căn cứ Hiến pháp nước Cộng hòa xã hội chủ nghĩa Việt Nam năm 1992 đã được sửa đổi, bổ sung một số điều theo Nghị quyết số 51/2001/QH10; Quốc hội ban hành Luật Kiểm toán độc lập, Chương I NHỮNG QUY ĐỊNH CHUNG Điều 1. Phạm vi điều chỉnh"
163441,46/2023/NĐ-CP,47/2020/NĐ-CP,Trích dẫn,"sở dữ liệu về kinh doanh bảo hiểm với các cơ sở dữ liệu quốc gia và các cơ sở dữ liệu chuyên ngành khác được thực hiện theo quy định tại Nghị định số 47/2020/NĐ-CP ngày 09 tháng 4 năm 2020 của Chính phủ về quản lý, kết nối và chia sẻ dữ liệu số trong cơ quan nhà"
163441,46/2023/NĐ-CP,73/2016/NĐ-CP,Trích dẫn,"gày 01 tháng 01 năm 2023: Trước ngày 01 tháng 01 năm 2028, vốn điều lệ, vốn chủ sở hữu không thấp hơn vốn pháp định quy định tại Điều 10 Nghị định số 73/2016/NĐ-CP; từ ngày 01 tháng 01 năm 2028, vốn điều lệ, vốn chủ sở hữu không thấp hơn vốn điều lệ tối thiểu the"
163441,46/2023/NĐ-CP,73/2016/NĐ-CP,Trích dẫn,"ày 01 tháng 01 năm 2023: Trước ngày 01 tháng 01 năm 2028, vốn được cấp, vốn chủ sở hữu không thấp hơn vốn pháp định quy định tại Điều 10 Nghị định số 73/2016/NĐ-CP; từ ngày 01 tháng 01 năm 2028, vốn được cấp, vốn chủ sở hữu không thấp hơn vốn được cấp tối thiểu t"
163441,46/2023/NĐ-CP,73/2016/NĐ-CP,Trích dẫn,"háng 01 năm 2023: trước ngày 01 tháng 01 năm 2028, vốn điều lệ, vốn chủ sở hữu không thấp hơn vốn pháp định quy định tại khoản 6 Điều 10 Nghị định số 73/2016/NĐ-CP; từ ngày 01 tháng 01 năm 2028, vốn điều lệ, vốn chủ sở hữu không thấp hơn vốn điều lệ tối thiểu the"
163441,46/2023/NĐ-CP,08/2022/QH15,Trích dẫn,Việc đầu tư tài sản của quỹ liên kết đơn vị phải đảm bảo tuân thủ quy định chung về nguyên tắc đầu tư tại khoản 2 Điều 99 Luật Kinh doanh bảo hiểm số 08/2022/QH15. 2. Hạn mức đầu tư của từng quỹ liên kết đơn vị: a) Công cụ nợ của Chính phủ: Không hạn chế; b) Chứ
163441,46/2023/NĐ-CP,08/2022/QH15,Trích dẫn,ệc đầu tư tài sản của quỹ hưu trí tự nguyện phải đảm bảo tuân thủ quy định chung về nguyên tắc đầu tư tại khoản 2 Điều 99 Luật Kinh doanh bảo hiểm số 08/2022/QH15. 2. Hạn mức đầu tư của quỹ hưu trí tự nguyện: a) Gửi tiền tại tổ chức tín dụng: không hạn chế nhưng
163441,46/2023/NĐ-CP,73/2016/NĐ-CP,Thay thế,ệp phát hành trước ngày 01 tháng 01 năm 2023 thì không được phép gia hạn khoản đầu tư này. 4. Nghị định này thay thế các văn bản sau: a) Nghị định số 73/2016/NĐ-CP ngày 01 tháng 7 năm 2016 của Chính phủ quy định chi tiết thi hành Luật Kinh doanh bảo hiểm và Luật
163441,46/2023/NĐ-CP,73/2016/NĐ-CP,Trích dẫn,"sung một số điều của Luật Kinh doanh bảo hiểm, trừ các Điều 10, 61, 62, 63, 64, 65, 66, 67. Các Điều 10, 61, 62, 63, 64, 65, 66, 67 của Nghị định số 73/2016/NĐ-CP có hiệu lực đến hết ngày 31 tháng 12 năm 2027; b) Chương III Nghị định số 151/2018/NĐ-CP ngày 07 th"
163441,46/2023/NĐ-CP,151/2018/NĐ-CP,"Sửa đổi, bổ sung","67. Các Điều 10, 61, 62, 63, 64, 65, 66, 67 của Nghị định số 73/2016/NĐ-CP có hiệu lực đến hết ngày 31 tháng 12 năm 2027; b) Chương III Nghị định số 151/2018/NĐ-CP ngày 07 tháng 11 năm 2018 của Chính phủ sửa đổi, bổ sung một số Nghị định quy định về điều kiện đầu"
163441,46/2023/NĐ-CP,80/2019/NĐ-CP,"Sửa đổi, bổ sung","hủ sửa đổi, bổ sung một số Nghị định quy định về điều kiện đầu tư, kinh doanh thuộc phạm vi quản lý nhà nước của Bộ Tài chính; c) Điều 1 Nghị định số 80/2019/NĐ-CP ngày 01 tháng 11 năm 2019 của Chính phủ sửa đổi, bổ sung một số điều của Nghị định số 73/2016/NĐ-CP"
163441,46/2023/NĐ-CP,73/2016/NĐ-CP,"Sửa đổi, bổ sung","nhà nước của Bộ Tài chính; c) Điều 1 Nghị định số 80/2019/NĐ-CP ngày 01 tháng 11 năm 2019 của Chính phủ sửa đổi, bổ sung một số điều của Nghị định số 73/2016/NĐ-CP ngày 01 tháng 7 năm 2016 của Chính phủ quy định chi tiết thi hành Luật Kinh doanh bảo hiểm và Luật"
163441,46/2023/NĐ-CP,98/2013/NĐ-CP,"Sửa đổi, bổ sung","016 của Chính phủ quy định chi tiết thi hành Luật Kinh doanh bảo hiểm và Luật sửa đổi, bổ sung một số điều của Luật Kinh doanh bảo hiểm, Nghị định số 98/2013/NĐ-CP ngày 28 tháng 8 năm 2013 của Chính phủ quy định về xử phạt vi phạm hành chính trong lĩnh vực kinh d"
163441,46/2023/NĐ-CP,48/2018/NĐ-CP,"Sửa đổi, bổ sung","hủ quy định về xử phạt vi phạm hành chính trong lĩnh vực kinh doanh bảo hiểm, kinh doanh xổ số đã được sửa đổi, bổ sung một số điều theo Nghị định số 48/2018/NĐ-CP ngày 21 tháng 3 năm 2018 của Chính phủ. Điều 123. Trách nhiệm thi hành Các Bộ trưởng, Thủ trưởng cơ"
163441,46/2023/NĐ-CP,08/2022/QH15,Căn cứ,.ngày......tháng......năm...... ĐƠN ĐỀ NGHỊ CẤP GIẤY PHÉP THÀNH LẬP VÀ HOẠT ĐỘNG Kính gửi: Bộ trưởng Bộ Tài chính. Căn cứ Luật Kinh doanh bảo hiểm số 08/2022/QH15 ngày 16/6/2022 và các văn bản hướng dẫn thi hành; Chúng tôi (sau đây gọi là chủ đầu tư) đề nghị Bộ
163441,46/2023/NĐ-CP,08/2022/QH15,Căn cứ,"NGHĨA VIỆT NAM Độc lập - Tự do - Hạnh phúc Số....../GP/KDBH Hà Nội, ngày... tháng... năm... BỘ TRƯỞNG BỘ TÀI CHÍNH Căn cứ Luật Kinh doanh bảo hiểm số 08/2022/QH15 ngày 16/6/2022; Căn cứ Nghị định số 14/2023/NĐ-CP ngày 20/4/2023 của Chính phủ quy định chức năng,"
163441,46/2023/NĐ-CP,14/2023/NĐ-CP,Căn cứ,"../GP/KDBH Hà Nội, ngày... tháng... năm... BỘ TRƯỞNG BỘ TÀI CHÍNH Căn cứ Luật Kinh doanh bảo hiểm số 08/2022/QH15 ngày 16/6/2022; Căn cứ Nghị định số 14/2023/NĐ-CP ngày 20/4/2023 của Chính phủ quy định chức năng, nhiệm vụ, quyền hạn và cơ cấu tổ chức của Bộ Tài c"
163441,46/2023/NĐ-CP,08/2022/QH15,Căn cứ,M/DOANH NGHIỆP TÁI BẢO HIỂM/CHI NHÁNH NƯỚC NGOÀI/ DOANH NGHIỆP MÔI GIỚI BẢO HIỂM Kính gửi: Bộ trưởng Bộ Tài chính. Căn cứ Luật Kinh doanh bảo hiểm số 08/2022/QH15 ngày 16/6/2022 và các văn bản hướng dẫn thi hành; [Tên đầy đủ và chính thức của doanh nghiệp bảo hi
163441,46/2023/NĐ-CP,08/2022/QH15,Căn cứ,"c ,,,, ngày,,, tháng,,, năm,,, ĐƠN ĐỀ NGHỊ CHUYỂN NHƯỢNG CÓ PHÂN (PHÂN VÔNG GỐP) Kính gửi: Bộ trưởng Bộ Tài chính. Căn cứ Luật Kinh doanh bảo hiểm số 08/2022/QH15 ngày 16/6/2022 và các văn bản hướng dẫn thi hành; Chúng tôi là: [Tên đầy đủ và chính thức của doanh"
163441,46/2023/NĐ-CP,08/2022/QH15,Căn cứ,"AM Độc lập - Tự do - Hạnh phúc Số:....../GPĐC....../KDBH Hà Nội, ngày ... tháng ... năm ... BỘ TRƯỞNG BỘ TÀI CHÍNH Căn cứ Luật Kinh doanh bảo hiểm số 08/2022/QH15 ngày 16/6/2022; Căn cứ Nghị định số 14/2023/NĐ-CP ngày 20/4/2023 của Chính phủ quy định chức năng,"
163441,46/2023/NĐ-CP,14/2023/NĐ-CP,Căn cứ,"../KDBH Hà Nội, ngày ... tháng ... năm ... BỘ TRƯỞNG BỘ TÀI CHÍNH Căn cứ Luật Kinh doanh bảo hiểm số 08/2022/QH15 ngày 16/6/2022; Căn cứ Nghị định số 14/2023/NĐ-CP ngày 20/4/2023 của Chính phủ quy định chức năng, nhiệm vụ, quyền hạn và cơ cấu tổ chức của Bộ Tài c"
163441,46/2023/NĐ-CP,08/2022/QH15,Căn cứ,".. ĐƠN ĐỀ NGHỊ CHIA, TÁCH, SÁP NHẬP, HỢP NHẤT, CHUYỂN ĐỔI HÌNH THỨC DOANH NGHIỆP Kính gửi: Bộ trưởng Bộ Tài chính. Căn cứ Luật Kinh doanh bảo hiểm số 08/2022/QH15 ngày 16/6/2022 và các văn bản hướng dẫn thi hành; Chúng tôi là: [Tên đầy đủ và chính thức của doanh"
163441,46/2023/NĐ-CP,08/2022/QH15,"Sửa đổi, bổ sung","....năm...... ĐƠN ĐĂNG KÝ, SỬA ĐỔI, BỎ SUNG PHƯƠNG PHÁP, CƠ SỞ TÍNH PHÍ BẢO HIỂM Kính gửi: Bộ trưởng Bộ Tài chính. Căn cứ Luật Kinh doanh bảo hiểm số 08/2022/QH15 ngày 16/6/2022; Chúng tôi là: Tên đầy đủ và tên viết tắt của doanh nghiệp bảo hiểm/doanh nghiệp bảo"
163441,46/2023/NĐ-CP,08/2022/QH15,Căn cứ,",,,, ngày,,, tháng,,, năm,,, ĐƠN ĐỀ NGHỊ CHUYỂN GIAO DANH MỤC HỢP ĐỒNG BẢO HIỂM Kính gửi: Bộ trưởng Bộ Tài chính. Căn cứ Luật Kinh doanh bảo hiểm số 08/2022/QH15 ngày 16/6/2022 và các văn bản hướng dẫn thi hành; Chúng tôi là: [Tên đầy đủ và chính thức của doanh"
163441,46/2023/NĐ-CP,08/2022/QH15,Căn cứ,-------------------- ĐƠN ĐỀ NGHỊ ÁP DỤNG/THAY ĐỔI PHƯƠNG PHÁP TRÍCH LẬP DỰ PHÒNG Nghiệp Vụ Kính gửi: Bộ Tài chính. Căn cứ Luật Kinh doanh bảo hiểm số 08/2022/QH15 ngày 16/6/2022 và các văn bản hướng dẫn thi hành; Căn cứ Nghị định số 46/2023/NĐ-CP ngày 01/7/2023
163441,46/2023/NĐ-CP,08/2022/QH15,Căn cứ,năm... ĐƠN ĐỀ NGHỊ THỰC HIỆN/ĐIỀU CHỈNH/CHÂM DỨT HOẠT ĐỘNG ĐÀU TƯ RA NƯỚC NGOÀI Kính gửi: Bộ trưởng Bộ Tài chính. Căn cứ Luật Kinh doanh bảo hiểm số 08/2022/QH15 ngày 16/6/2022 và các văn bản hướng dẫn thi hành; Chúng tôi là: [Tên đầy đủ và chính thức của doanh
163441,46/2023/NĐ-CP,08/2022/QH15,Căn cứ,"SẢN, NGUỒN VỐN, DOANH THU, CHI PHÍ CHUNG LIÊN QUAN ĐẾN QUỸ CHỦ SỞ HỮU VÀ QUỸ CHỦ HỢP ĐỒNG Kính gửi: Bộ Tài chính. Căn cứ Luật Kinh doanh bảo hiểm số 08/2022/QH15 ngày 16/6/2022 và các văn bản hướng dẫn thi hành; Căn cứ Nghị định số 46/2023/NĐ-CP ngày 01/7/2023"
163441,46/2023/NĐ-CP,08/2022/QH15,Căn cứ,"--- ..., ngày...tháng...năm... ĐƠN ĐỀ NGHỊ ÁP DỤNG/THAY ĐỔI PHƯƠNG PHÁP PHÂN CHIA THẠNG DƯ Kính gửi: Bộ Tài chính. Căn cứ Luật Kinh doanh bảo hiểm số 08/2022/QH15 ngày 16/6/2022 và các văn bản hướng dẫn thi hành; Căn cứ Nghị định số 46/2023/NĐ-CP ngày 01/7/2023"
163441,46/2023/NĐ-CP,08/2022/QH15,Căn cứ,T VĂN PHÒNG ĐẠI DIỆN/ GIA HẠN GIẤY PHÉP/CHÁM DÚT HOẠT ĐỘNG VĂN PHÒNG ĐẠI DIỆN TẠI VIỆT NAM Kính gửi: Bộ Tài chính. Căn cứ Luật Kinh doanh bảo hiểm số 08/2022/QH15 ngày 16/6/2022 và các văn bản hướng dẫn thi hành; Chúng tôi là: Tên đầy đủ và tên viết tắt của doan
163441,46/2023/NĐ-CP,08/2022/QH15,Căn cứ,"ĨA VIỆT NAM Độc lập - Tự do - Hạnh phúc Sở....../GP/VPĐD Hà Nội, ngày ... tháng ... năm ... BỘ TRƯỞNG BỘ TÀI CHÍNH Căn cứ Luật Kinh doanh bảo hiểm số 08/2022/QH15 ngày 16/6/2022, Căn cứ Nghị định số 14/2023/NĐ-CP ngày 20/4/2023 của Chính phủ quy định chức năng,"
163441,46/2023/NĐ-CP,14/2023/NĐ-CP,Căn cứ,"GP/VPĐD Hà Nội, ngày ... tháng ... năm ... BỘ TRƯỞNG BỘ TÀI CHÍNH Căn cứ Luật Kinh doanh bảo hiểm số 08/2022/QH15 ngày 16/6/2022, Căn cứ Nghị định số 14/2023/NĐ-CP ngày 20/4/2023 của Chính phủ quy định chức năng, nhiệm vụ, quyền hạn và cơ cấu tổ chức của Bộ Tài c"
163441,46/2023/NĐ-CP,08/2022/QH15,"Sửa đổi, bổ sung",". năm ... ĐƠN ĐỀ NGHỊ CÁP LẠI, SỬA ĐỔI, BỎ SUNG GIẤY PHÉP DẠT VĂN PHÒNG ĐẠI DIỆN Kính gửi: Bộ trưởng Bộ Tài chính. Căn cứ Luật Kinh doanh bảo hiểm số 08/2022/QH15 ngày 16/6/2022 và các văn bản hướng dẫn thi hành; Chúng tôi là Tên đầy đủ và tên viết tắt của doanh"
163441,46/2023/NĐ-CP,16/2022/QH15,Căn cứ,"NAM Độc lập - Tự do - Hạnh phúc Số: ... / GPĐC... / VPĐD Hà Nội, ngày ... tháng ... năm ... BỘ TRƯỞNG BỘ TÀI CHÍNH Căn cứ Luật Kinh doanh bảo hiểm số 16/2022/QH15 ngày 16/6/2022; Căn cứ Nghị định số 14/2023/NĐ-CP ngày 20/4/2023 của Chính phủ quy định chức năng,"
163441,46/2023/NĐ-CP,14/2023/NĐ-CP,Căn cứ,"/ VPĐD Hà Nội, ngày ... tháng ... năm ... BỘ TRƯỞNG BỘ TÀI CHÍNH Căn cứ Luật Kinh doanh bảo hiểm số 16/2022/QH15 ngày 16/6/2022; Căn cứ Nghị định số 14/2023/NĐ-CP ngày 20/4/2023 của Chính phủ quy định chức năng, nhiệm vụ, quyền hạn và cơ cấu tổ chức của Bộ Tài c"
163441,46/2023/NĐ-CP,08/2022/QH15,Căn cứ,THỨC HIện DIỆN THƯƠNG MẠI KHÁC TẠI NƯỚC NGOÀI CỦA DOANH NGHIỆP MÔI GIỚI BẢO HIỂM Kính gửi: Bộ trưởng Bộ Tài chính. Căn cứ Luật Kinh doanh bảo hiểm số 08/2022/QH15 ngày 16/6/2022 và các văn bản hướng dẫn thi hành; Chúng tôi là: (Tên đầy đủ và chính thức của doanh
163441,46/2023/NĐ-CP,08/2022/QH15,Căn cứ,gày ... tháng ... năm ... VĂN BẢN ĐỀ NGHỊ SỬ DỤNG QUỸ BẢO VỆ NGƯỜI ĐƯỢC BẢO HIỂM Kính gửi: Bộ trưởng Bộ Tài chính. Căn cứ Luật Kinh doanh bảo hiểm số 08/2022/QH15 ngày 16/6/2022 và các văn bản hướng dẫn thi hành; Chúng tôi là [Tên đầy đủ và chính thức của doanh
163441,46/2023/NĐ-CP,08/2022/QH15,Căn cứ,HIỆP MỖI GIỚI BẢO HIỂM; CHÁM DỨT HOẠT ĐỘNG CỦA CHI NHÁNH NƯỚC NGOÀI TẠI VIỆT NAM Kính gửi: Bộ trưởng Bộ Tài chính. Căn cứ Luật Kinh doanh bảo hiểm số 08/2022/QH15 ngày 16/6/2022 và các văn bản hướng dẫn thi hành; Chúng tôi là: [Tên đầy đủ và chính thức của doanh
146468,156/2020/NĐ-CP,108/2013/NĐ-CP,Trích dẫn,háp luật Chương IV ĐIỀU KHOẢN THI HÀNH Điều 52. Hiệu lực thi hành 1. Nghị định này có hiệu lực thi hành từ ngày 01 tháng 01 năm 2021. 2. Nghị định số 108/2013/NĐ-CP ngày 23 tháng 9 năm 2013 của Chính phủ quy định xử phạt vi phạm hành chính trong lĩnh vực chứng kho
146468,156/2020/NĐ-CP,145/2016/NĐ-CP,"Sửa đổi, bổ sung","NĐ-CP ngày 23 tháng 9 năm 2013 của Chính phủ quy định xử phạt vi phạm hành chính trong lĩnh vực chứng khoán và thị trường chứng khoán và Nghị định số 145/2016/NĐ-CP ngày 01 tháng 11 năm 2016 của Chính phủ sửa đổi, bổ sung một số điều của Nghị định số 108/2013/NĐ-C"
146468,156/2020/NĐ-CP,108/2013/NĐ-CP,"Sửa đổi, bổ sung","khoán và thị trường chứng khoán và Nghị định số 145/2016/NĐ-CP ngày 01 tháng 11 năm 2016 của Chính phủ sửa đổi, bổ sung một số điều của Nghị định số 108/2013/NĐ-CP ngày 23 tháng 9 năm 2013 của Chính phủ quy định xử phạt vi phạm hành chính trong lĩnh vực chứng kho"
146468,156/2020/NĐ-CP,108/2013/NĐ-CP,Trích dẫn,"iệu lực thi hành mà cá nhân, tổ chức bị xử phạt vi phạm hành chính còn khiếu nại thì áp dụng quy định của Luật Xử lý vi phạm hành chính, Nghị định số 108/2013/NĐ-CP ngày 23 tháng 9 năm 2013 của Chính phủ quy định xử phạt vi phạm hành chính trong lĩnh vực chứng kho"
146468,156/2020/NĐ-CP,108/2013/NĐ-CP,"Sửa đổi, bổ sung","khoán và thị trường chứng khoán và Nghị định số 145/2016/NĐ-CP ngày 01 tháng 11 năm 2016 của Chính phủ sửa đổi, bổ sung một số điều của Nghị định số 108/2013/NĐ-CP để giải quyết. Điều 54. Trách nhiệm thi hành 1. Bộ trưởng Bộ Tài chính hướng dẫn về phương pháp tín"
168220,27/2024/TT-NHNN,102/2022/NĐ-CP,Căn cứ,"16 tháng 6 năm 2010; Căn cứ Luật Các tổ chức tín dụng ngày 18 tháng 01 năm 2024; Căn cứ Luật Hợp tác xã ngày 20 tháng 6 năm 2023; Căn cứ Nghị định số 102/2022/NĐ-CP ngày 12 tháng 12 năm 2022 của Chính phủ quy định chức năng, nhiệm vụ, quyền hạn và cơ cấu tổ chức c"
168220,27/2024/TT-NHNN,31/2012/TT-NHNN,Bãi bỏ,ơng IV ĐIỀU KHOẢN THI HÀNH Điều 33. Hiệu lực thi hành 1. Thông tư này có hiệu lực từ ngày 01 tháng 7 năm 2024. 2. Thông tư này bãi bỏ: a) Thông tư số 31/2012/TT-NHNN ngày 26 tháng 11 năm 2012 của Thống đốc Ngân hàng Nhà nước quy định về ngân hàng hợp tác xã; b) Thô
168220,27/2024/TT-NHNN,09/2016/TT-NHNN,"Sửa đổi, bổ sung","ày bãi bỏ: a) Thông tư số 31/2012/TT-NHNN ngày 26 tháng 11 năm 2012 của Thống đốc Ngân hàng Nhà nước quy định về ngân hàng hợp tác xã; b) Thông tư số 09/2016/TT-NHNN ngày 17 tháng 6 năm 2016 sửa đổi, bổ sung một số điều của Thông tư số 31/2012/TT-NHNN ngày 26/11/20"
168220,27/2024/TT-NHNN,31/2012/TT-NHNN,"Sửa đổi, bổ sung","hàng Nhà nước quy định về ngân hàng hợp tác xã; b) Thông tư số 09/2016/TT-NHNN ngày 17 tháng 6 năm 2016 sửa đổi, bổ sung một số điều của Thông tư số 31/2012/TT-NHNN ngày 26/11/2012 của Thống đốc Ngân hàng Nhà nước quy định về ngân hàng hợp tác xã; c) Thông tư số 0"
168220,27/2024/TT-NHNN,03/2014/TT-NHNN,"Sửa đổi, bổ sung",bổ sung một số điều của Thông tư số 31/2012/TT-NHNN ngày 26/11/2012 của Thống đốc Ngân hàng Nhà nước quy định về ngân hàng hợp tác xã; c) Thông tư số 03/2014/TT-NHNN ngày 23 tháng 01 năm 2014 của Thống đốc Ngân hàng Nhà nước quy định về Quỹ đảm bảo an toàn hệ thống
168220,27/2024/TT-NHNN,21/2019/TT-NHNN,"Sửa đổi, bổ sung","23 tháng 01 năm 2014 của Thống đốc Ngân hàng Nhà nước quy định về Quỹ đảm bảo an toàn hệ thống quỹ tín dụng nhân dân; d) Điều 1 và Điều 5 Thông tư số 21/2019/TT-NHNN ngày 14 tháng 11 năm 2019 sửa đổi, bổ sung một số điều của các Thông tư quy định về ngân hàng hợp t"
168220,27/2024/TT-NHNN,24/2023/TT-NHNN,"Sửa đổi, bổ sung","của các Thông tư quy định về ngân hàng hợp tác xã, quỹ tín dụng nhân dân và quỹ bảo đảm an toàn hệ thống quỹ tín dụng nhân dân; đ) Điều 1 Thông tư số 24/2023/TT-NHNN ngày 30 tháng 12 năm 2023 sửa đổi, bổ sung một số điều của các Thông tư liên quan đến việc nộp, xuấ"
168220,27/2024/TT-NHNN,21/2023/TT-NHNN,"Sửa đổi, bổ sung","uất trình, cung cấp thông tin, giấy tờ về dân cư khi thực hiện thủ tục hành chính trong lĩnh vực thành lập và hoạt động ngân hàng. đ) Điều 2 Thông tư 21/2023/TT-NHNN sửa đổi, bổ sung một số điều của các Thông tư liên quan đến hoạt động kinh doanh thuộc phạm vi, chứ"
133858,05/2019/NĐ-CP,68/2000/NĐ-CP,Trích dẫn,"tiền lương, phụ cấp và các khoản đóng góp theo lương của số người lao động hiện có (bao gồm: số biên chế có mặt, lao động hợp đồng theo Nghị định số 68/2000/NĐ-CP ngày 17 tháng 11 năm 2000 của Chính phủ và lao động hợp đồng chuyên môn khác) trong một năm từ 20 t"
169221,43/2024/TT-NHNN,01/2014/TT-NHNN,"Sửa đổi, bổ sung","NGHĨA VIỆT NAM Độc lập – Tự do – Hạnh phúc Số: 43/2024/TT-NHNN Hà Nội, ngày 09 tháng 8 năm 2024 THÔNG TƯ Sửa đổi, bổ sung một số điều của Thông tư số 01/2014/TT-NHNN ngày 10 tháng 12 năm 2014 của Thống đốc Ngân hàng Nhà nước Việt Nam hướng dẫn việc tổ chức thực hiệ"
169221,43/2024/TT-NHNN,50/2014/NĐ-CP,"Sửa đổi, bổ sung","ệnh Ngoại hối ngày 13 tháng 12 năm 2005; Pháp lệnh sửa đổi, bổ sung một số điều của Pháp lệnh Ngoại hối ngày 18 tháng 3 năm 2013; Căn cứ Nghị định số 50/2014/NĐ-CP ngày 20 tháng 5 năm 2014 của Chính phủ về quản lý dự trữ ngoại hối nhà nước; Căn cứ Nghị định số 10"
169221,43/2024/TT-NHNN,102/2022/NĐ-CP,Căn cứ,"tháng 3 năm 2013; Căn cứ Nghị định số 50/2014/NĐ-CP ngày 20 tháng 5 năm 2014 của Chính phủ về quản lý dự trữ ngoại hối nhà nước; Căn cứ Nghị định số 102/2022/NĐ-CP ngày 12 tháng 12 năm 2022 của Chính phủ quy định chức năng, nhiệm vụ, quyền hạn và cơ cấu tổ chức c"
169221,43/2024/TT-NHNN,01/2014/TT-NHNN,"Sửa đổi, bổ sung","ục trưởng Cục Quản lý dự trữ ngoại hối nhà nước; Thống đốc Ngân hàng Nhà nước Việt Nam ban hành Thông tư sửa đổi, bổ sung một số điều của Thông tư số 01/2014/TT-NHNN ngày 10 tháng 12 năm 2014 của Thống đốc Ngân hàng Nhà nước Việt Nam hướng dẫn việc tổ chức thực hiệ"
169221,43/2024/TT-NHNN,01/2014/TT-NHNN,"Sửa đổi, bổ sung","Nhà nước Việt Nam hướng dẫn việc tổ chức thực hiện hoạt động quản lý dự trữ ngoại hối nhà nước. Điều 1. Sửa đổi, bổ sung một số điều của Thông tư số 01/2014/TT-NHNN 1. Sửa đổi, bổ sung một số điểm, khoản của Điều 3 như sau: a) Sửa đổi, bổ sung điểm đ khoản 1 như s"
169221,43/2024/TT-NHNN,12/2023/TT-NHNN,"Sửa đổi, bổ sung","mberg trước 10 giờ sáng của ngày giao dịch.” 7. Sửa đổi, bổ sung khoản 1 và khoản 5 Điều 14 (đã được sửa đổi, bổ sung bởi khoản 11 Điều 1 Thông tư số 12/2023/TT-NHNN ngày 12/10/2023 của Thống đốc Ngân hàng Nhà nước Việt Nam sửa đổi, bổ sung một số điều của các văn"
169221,43/2024/TT-NHNN,12/2023/TT-NHNN,"Sửa đổi, bổ sung","ác phương tiện khác trước 10 giờ sáng ngày giao dịch.” 11. Sửa đổi, bổ sung khoản 2 Điều 27 (đã được sửa đổi, bổ sung bởi khoản 15 Điều 1 Thông tư số 12/2023/TT-NHNN) như sau: “2. Muộn nhất vào ngày 31 tháng 3 hằng năm, Cục Quản lý dự trữ ngoại hối nhà nước chủ trì"
169221,43/2024/TT-NHNN,12/2023/TT-NHNN,Trích dẫn,đốc quyết định về việc phân công nhiệm vụ hạch toán giữa Cục Quản lý dự trữ ngoại hối nhà nước và Sở Giao dịch theo quy định tại Điều 13 Thông tư số 12/2023/TT-NHNN: Hằng ngày: Số liệu về dự trữ ngoại hối nhà nước theo mẫu quy định tại Phụ lục số 01 ban hành kèm t
169221,43/2024/TT-NHNN,12/2023/TT-NHNN,Trích dẫn,"đốc quyết định về việc phân công nhiệm vụ hạch toán giữa Cục Quản lý dự trữ ngoại hối nhà nước và Sở Giao dịch theo quy định tại Điều 13 Thông tư số 12/2023/TT-NHNN, đơn vị nhận gồm Cục Quản lý dự trữ ngoại hối nhà nước, Sở Giao dịch, Vụ Chính sách tiền tệ, Vụ Kiể"
169221,43/2024/TT-NHNN,12/2023/TT-NHNN,Trích dẫn,"đốc quyết định về việc phân công nhiệm vụ hạch toán giữa Cục Quản lý dự trữ ngoại hối nhà nước và Sở Giao dịch theo quy định tại Điều 13 Thông tư số 12/2023/TT-NHNN, đơn vị nhận gồm: Cục Quản lý dự trữ ngoại hối nhà nước, Vụ Chính sách tiền tệ, Vụ Kiểm toán nội bộ"
169221,43/2024/TT-NHNN,12/2023/TT-NHNN,Trích dẫn,đốc quyết định về việc phân công nhiệm vụ hạch toán giữa Cục Quản lý dự trữ ngoại hối nhà nước và Sở Giao dịch theo quy định tại Điều 13 Thông tư số 12/2023/TT-NHNN: Hằng ngày: Số liệu về dự trữ ngoại hối nhà nước của ngày làm việc hôm trước theo mẫu quy định tại
169221,43/2024/TT-NHNN,12/2023/TT-NHNN,Trích dẫn,"đốc quyết định về việc phân công nhiệm vụ hạch toán giữa Cục Quản lý dự trữ ngoại hối nhà nước và Sở Giao dịch theo quy định tại Điều 13 Thông tư số 12/2023/TT-NHNN: Hằng ngày: Báo cáo số dư tiền gửi ngoại tệ và vàng của Kho bạc Nhà nước, tổ chức tín dụng tại Ngân"
169221,43/2024/TT-NHNN,01/2020/TT-NHNN,"Sửa đổi, bổ sung","số 10 ban hành kèm theo Thông tư này. 13. Sửa đổi, bổ sung điểm a và điểm c khoản 2 Điều 30 (đã được sửa đổi, bổ sung bởi khoản 13 Điều 1 Thông tư số 01/2020/TT-NHNN ngày 31/12/2020 của Thống đốc Ngân hàng Nhà nước Việt Nam sửa đổi, bổ sung một số điều của Thông tư"
169221,43/2024/TT-NHNN,01/2014/TT-NHNN,"Sửa đổi, bổ sung","g bởi khoản 13 Điều 1 Thông tư số 01/2020/TT-NHNN ngày 31/12/2020 của Thống đốc Ngân hàng Nhà nước Việt Nam sửa đổi, bổ sung một số điều của Thông tư 01/2014/TT-NHNN ngày 10 tháng 12 năm 2014 của Thống đốc Ngân hàng nhà nước hướng dẫn việc tổ chức thực hiện hoạt độ"
169221,43/2024/TT-NHNN,12/2023/TT-NHNN,"Sửa đổi, bổ sung","i điểm a khoản 2 Điều 9 Thông tư này;” 14. Sửa đổi, bổ sung điểm đ và điểm k khoản 1 (đã được sửa đổi, bổ sung bởi điểm a khoản 18 Điều 1 Thông tư số 12/2023/TT-NHNN) và bổ sung khoản 5 Điều 32 như sau: a) Sửa đổi, bổ sung điểm đ khoản 1 như sau: “đ) Xác định giá v"
169221,43/2024/TT-NHNN,01/2014/TT-NHNN,"Sửa đổi, bổ sung","ân hàng Nhà nước; b) Thực hiện các nhiệm vụ khác theo quy định tại Thông tư này.” Điều 2. Thay thế, bổ sung và bãi bỏ một số quy định của Thông tư số 01/2014/TT-NHNN 1. Thay thế Phụ lục số 01, Phụ lục số 03, Phụ lục số 04, Phụ lục số 06, Phụ lục số 07 và Phụ lục số"
169221,43/2024/TT-NHNN,12/2023/TT-NHNN,Thay thế,"2014/TT-NHNN 1. Thay thế Phụ lục số 01, Phụ lục số 03, Phụ lục số 04, Phụ lục số 06, Phụ lục số 07 và Phụ lục số 08 (đã được thay thế bởi Thông tư số 12/2023/TT-NHNN) bằng Phụ lục số 01, Phụ lục số 03, Phụ lục số 04, Phụ lục số 06, Phụ lục số 07 và Phụ lục số 08 tư"
169221,43/2024/TT-NHNN,01/2020/TT-NHNN,Bãi bỏ,"tư này có hiệu lực từ ngày 23/9/2024. 2. Thông tư này bãi bỏ khoản 3, khoản 4, khoản 5, khoản 9, khoản 16 Điều 1, khoản 3, khoản 4 Điều 2 Thông tư số 01/2020/TT-NHNN. 3. Thông tư này bãi bỏ điểm a khoản 2, điểm b khoản 3, khoản 4, khoản 5, khoản 6, khoản 8, khoản 1"
169221,43/2024/TT-NHNN,12/2023/TT-NHNN,Bãi bỏ,"bãi bỏ điểm a khoản 2, điểm b khoản 3, khoản 4, khoản 5, khoản 6, khoản 8, khoản 12 và khoản 16, điểm b khoản 20 Điều 1 và Phụ lục số 09 Thông tư số 12/2023/TT-NHNN. Nơi nhận: - Như Điều 3; - Thủ tướng Chính phủ; các Phó Thủ tướng (để b/c); - Văn phòng Chính phủ;"
f69936f0-6937-11f1-a48d-29bc6b0fd706,17/VBHN-BTC,156/2020/NĐ-CP,Trích dẫn,do - Hạnh phúc __________________ NGHỊ ĐỊNH [1] Quy định xử phạt vi phạm hành chính trong lĩnh vực chứng khoán và thị trường chứng khoán Nghị định số 156/2020/NĐ-CP ngày 31 tháng 12 năm 2020 của Chính phủ quy định xử phạt vi phạm hành chính trong lĩnh vực chứng kh
f69936f0-6937-11f1-a48d-29bc6b0fd706,17/VBHN-BTC,128/2021/NĐ-CP,"Sửa đổi, bổ sung","h trong lĩnh vực chứng khoán và thị trường chứng khoán, có hiệu lực thi hành kể từ ngày 01 tháng 01 năm 2021, được sửa đổi, bổ sung bởi: Nghị định số 128/2021/NĐ-CP ngày 30 tháng 12 năm 2021 của Chính phủ sửa đổi, bổ sung một số điều của Nghị định số 156/2020/NĐ-C"
f69936f0-6937-11f1-a48d-29bc6b0fd706,17/VBHN-BTC,156/2020/NĐ-CP,"Sửa đổi, bổ sung","ăm 2021, được sửa đổi, bổ sung bởi: Nghị định số 128/2021/NĐ-CP ngày 30 tháng 12 năm 2021 của Chính phủ sửa đổi, bổ sung một số điều của Nghị định số 156/2020/NĐ-CP ngày 31 tháng 12 năm 2020 của Chính phủ quy định xử phạt vi phạm hành chính trong lĩnh vực chứng kh"
f69936f0-6937-11f1-a48d-29bc6b0fd706,17/VBHN-BTC,306/2025/NĐ-CP,"Sửa đổi, bổ sung","h xử phạt vi phạm hành chính trong lĩnh vực chứng khoán và thị trường chứng khoán, có hiệu lực thi hành kể từ ngày 01 tháng 01 năm 2022. Nghị định số 306/2025/NĐ-CP ngày 25 tháng 11 năm 2025 của Chính phủ sửa đổi, bổ sung một số điều của Nghị định số 156/2020/NĐ-C"
f69936f0-6937-11f1-a48d-29bc6b0fd706,17/VBHN-BTC,156/2020/NĐ-CP,"Sửa đổi, bổ sung","nh kể từ ngày 01 tháng 01 năm 2022. Nghị định số 306/2025/NĐ-CP ngày 25 tháng 11 năm 2025 của Chính phủ sửa đổi, bổ sung một số điều của Nghị định số 156/2020/NĐ-CP ngày 31 tháng 12 năm 2020 của Chính phủ quy định xử phạt vi phạm hành chính trong lĩnh vực chứng kh"
f69936f0-6937-11f1-a48d-29bc6b0fd706,17/VBHN-BTC,128/2021/NĐ-CP,"Sửa đổi, bổ sung","ính phủ quy định xử phạt vi phạm hành chính trong lĩnh vực chứng khoán và thị trường chứng khoán (được sửa đổi, bổ sung một số điều theo Nghị định số 128/2021/NĐ-CP ngày 30 tháng 12 năm 2021 của Chính phủ) và Nghị định số 158/2020/NĐ-CP ngày 31 tháng 12 năm 2020 c"
f69936f0-6937-11f1-a48d-29bc6b0fd706,17/VBHN-BTC,158/2020/NĐ-CP,"Sửa đổi, bổ sung","à thị trường chứng khoán (được sửa đổi, bổ sung một số điều theo Nghị định số 128/2021/NĐ-CP ngày 30 tháng 12 năm 2021 của Chính phủ) và Nghị định số 158/2020/NĐ-CP ngày 31 tháng 12 năm 2020 của Chính phủ về chứng khoán phái sinh và thị trường chứng khoán phái sin"
f69936f0-6937-11f1-a48d-29bc6b0fd706,17/VBHN-BTC,155/2020/NĐ-CP,Trích dẫn,00 đồng đối với công ty đại chúng thực hiện thông báo thay đổi tỷ lệ sở hữu nước ngoài tối đa không đúng thời gian quy định tại Điều 141 Nghị định số 155/2020/NĐ-CP ngày 31 tháng 12 năm 2020 của Chính phủ quy định chi tiết thi hành một số điều của Luật Chứng khoán
f69936f0-6937-11f1-a48d-29bc6b0fd706,17/VBHN-BTC,155/2020/NĐ-CP,Trích dẫn,"n ra công chúng; đ) [55] Bán ra số cổ phiếu đã mua lại, trừ trường hợp quy định tại khoản 7 Điều 36 Luật Chứng khoán và khoản 4 Điều 310 Nghị định số 155/2020/NĐ-CP ngày 31 tháng 12 năm 2020 của Chính phủ quy định chi tiết thi hành một số điều của Luật Chứng khoán"
f69936f0-6937-11f1-a48d-29bc6b0fd706,17/VBHN-BTC,155/2020/NĐ-CP,Trích dẫn,ở mức độ không giống nhau hoặc không cùng thời điểm; đ) [58] Tiến hành chào mua công khai không đúng với thời gian quy định tại Điều 93 Nghị định số 155/2020/NĐ-CP ngày 31 tháng 12 năm 2020 của Chính phủ quy định chi tiết thi hành một số điều của Luật Chứng khoán
f69936f0-6937-11f1-a48d-29bc6b0fd706,17/VBHN-BTC,108/2013/NĐ-CP,Trích dẫn,h. Chương IV ĐIỀU KHOẢN THI HÀNH [180] Điều 52. Hiệu lực thi hành 1. Nghị định này có hiệu lực thi hành từ ngày 01 tháng 01 năm 2021. 2. Nghị định số 108/2013/NĐ-CP ngày 23 tháng 9 năm 2013 của Chính phủ quy định xử phạt vi phạm hành chính trong lĩnh vực chứng kho
f69936f0-6937-11f1-a48d-29bc6b0fd706,17/VBHN-BTC,145/2016/NĐ-CP,"Sửa đổi, bổ sung","NĐ-CP ngày 23 tháng 9 năm 2013 của Chính phủ quy định xử phạt vi phạm hành chính trong lĩnh vực chứng khoán và thị trường chứng khoán và Nghị định số 145/2016/NĐ-CP ngày 01 tháng 11 năm 2016 của Chính phủ sửa đổi, bổ sung một số điều của Nghị định số 108/2013/NĐ-C"
f69936f0-6937-11f1-a48d-29bc6b0fd706,17/VBHN-BTC,108/2013/NĐ-CP,"Sửa đổi, bổ sung","khoán và thị trường chứng khoán và Nghị định số 145/2016/NĐ-CP ngày 01 tháng 11 năm 2016 của Chính phủ sửa đổi, bổ sung một số điều của Nghị định số 108/2013/NĐ-CP ngày 23 tháng 9 năm 2013 của Chính phủ quy định xử phạt vi phạm hành chính trong lĩnh vực chứng kho"
f69936f0-6937-11f1-a48d-29bc6b0fd706,17/VBHN-BTC,108/2013/NĐ-CP,Trích dẫn,"iệu lực thi hành mà cá nhân, tổ chức bị xử phạt vi phạm hành chính còn khiếu nại thì áp dụng quy định của Luật Xử lý vi phạm hành chính, Nghị định số 108/2013/NĐ-CP ngày 23 tháng 9 năm 2013 của Chính phủ quy định xử phạt vi phạm hành chính trong lĩnh vực chứng kho"
f69936f0-6937-11f1-a48d-29bc6b0fd706,17/VBHN-BTC,108/2013/NĐ-CP,"Sửa đổi, bổ sung","khoán và thị trường chứng khoán và Nghị định số 145/2016/NĐ-CP ngày 01 tháng 11 năm 2016 của Chính phủ sửa đổi, bổ sung một số điều của Nghị định số 108/2013/NĐ-CP để giải quyết. Điều 54. Trách nhiệm thi hành 1. Bộ trưởng Bộ Tài chính hướng dẫn về phương pháp tín"
30402,202/2012/TT-BTC,67/2011/QH12,Căn cứ,"THÔNG TƯ Hướng dẫn về đăng ký, quản lý và công khai danh sách kiểm toán viên hành nghề kiểm toán ___________________ Căn cứ Luật Kiểm toán độc lập số 67/2011/QH12 ngày 29 tháng 3 năm 2011; Căn cứ Nghị định số 17/2012/NĐ-CP ngày 13/3/2012 của Chính phủ quy định c"
30402,202/2012/TT-BTC,17/2012/NĐ-CP,Căn cứ,ch kiểm toán viên hành nghề kiểm toán ___________________ Căn cứ Luật Kiểm toán độc lập số 67/2011/QH12 ngày 29 tháng 3 năm 2011; Căn cứ Nghị định số 17/2012/NĐ-CP ngày 13/3/2012 của Chính phủ quy định chi tiết và hướng dẫn thi hành một số điều của Luật kiểm toán
30402,202/2012/TT-BTC,118/2008/NĐ-CP,Căn cứ,"ịnh số 17/2012/NĐ-CP ngày 13/3/2012 của Chính phủ quy định chi tiết và hướng dẫn thi hành một số điều của Luật kiểm toán độc lập; Căn cứ Nghị định số 118/2008/NĐ-CP ngày 27/11/2008 của Chính phủ Quy định chức năng, nhiệm vụ, quyền hạn và cơ cấu tổ chức của Bộ Tài"
30402,202/2012/TT-BTC,64/2004/TT-BTC,Trích dẫn,quả công tác soát xét. 4. Các quy định về đăng ký hành nghề kiểm toán của kiểm toán viên và quản lý kiểm toán viên hành nghề quy định tại Thông tư số 64/2004/TT-BTC ngày 29/6/2004 hướng dẫn thi hành một số điều của Nghị định số 105/2004/NĐ-CP ngày 30/3/2004 của Ch
30402,202/2012/TT-BTC,105/2004/NĐ-CP,Trích dẫn,toán viên và quản lý kiểm toán viên hành nghề quy định tại Thông tư số 64/2004/TT-BTC ngày 29/6/2004 hướng dẫn thi hành một số điều của Nghị định số 105/2004/NĐ-CP ngày 30/3/2004 của Chính phủ về kiểm toán độc lập hết hiệu lực kể từ ngày Thông tư này có hiệu lực
173460,57/2024/TT-NHNN,102/2022/NĐ-CP,Căn cứ,"àng Căn cứ Luật Ngân hàng Nhà nước Việt Nam ngày 16 tháng 6 năm 2010; Căn cứ Luật Các tổ chức tín dụng ngày 18 tháng 01 năm 2024; Căn cứ Nghị định số 102/2022/NĐ-CP ngày 12 tháng 12 năm 2022 của Chính phủ quy định chức năng, nhiệm vụ, quyền hạn và cơ cấu tổ chức c"
173460,57/2024/TT-NHNN,162/2024/NĐ-CP,Căn cứ,"gày 12 tháng 12 năm 2022 của Chính phủ quy định chức năng, nhiệm vụ, quyền hạn và cơ cấu tổ chức của Ngân hàng Nhà nước Việt Nam; Căn cứ Nghị định số 162/2024/NĐ-CP ngày 20 tháng 12 năm 2024 của Chính phủ quy định điều kiện cấp Giấy phép đối với quỹ tín dụng nhân"
27257,44/2011/TT-NHNN,46/2010/QH12,Căn cứ,"định về hệ thống kiểm soát nội bộ và kiểm toán nội bộ của tổ chức tín dụng, chi nhánh ngân hàng nước ngoài Căn cứ Luật Ngân hàng Nhà nước Việt Nam số 46/2010/QH12 ngày 16 tháng 6 năm 2010; Căn cứ Luật Các tổ chức tín dụng số 47/2010/QH12 ngày 16 tháng 6 năm 2010"
27257,44/2011/TT-NHNN,47/2010/QH12,Căn cứ,chi nhánh ngân hàng nước ngoài Căn cứ Luật Ngân hàng Nhà nước Việt Nam số 46/2010/QH12 ngày 16 tháng 6 năm 2010; Căn cứ Luật Các tổ chức tín dụng số 47/2010/QH12 ngày 16 tháng 6 năm 2010; Căn cứ Nghị định số 96/2008/NĐ-CP ngày 26/8/2008 của Chính phủ quy định c
27257,44/2011/TT-NHNN,96/2008/NĐ-CP,Căn cứ,"ước Việt Nam số 46/2010/QH12 ngày 16 tháng 6 năm 2010; Căn cứ Luật Các tổ chức tín dụng số 47/2010/QH12 ngày 16 tháng 6 năm 2010; Căn cứ Nghị định số 96/2008/NĐ-CP ngày 26/8/2008 của Chính phủ quy định chức năng, nhiệm vụ, quyền hạn và cơ cấu tổ chức của Ngân hàn"
27257,44/2011/TT-NHNN,36/2006/QĐ-NHNN,Trích dẫn,"dụng và quy định tại Thông tư này. Điều 39. Hiệu lực thi hành 1. Thông tư này có hiệu lực thi hành kể từ ngày 12 tháng 02 năm 2012. 2. Quyết định số 36/2006/QĐ-NHNN ngày 01/8/2006 của Thống đốc Ngân hàng Nhà nước ban hành Quy chế kiểm tra, kiểm soát nội bộ của tổ"
27257,44/2011/TT-NHNN,37/2006/QĐ-NHNN,Trích dẫn,"số 36/2006/QĐ-NHNN ngày 01/8/2006 của Thống đốc Ngân hàng Nhà nước ban hành Quy chế kiểm tra, kiểm soát nội bộ của tổ chức tín dụng và Quyết định số 37/2006/QĐ-NHNN ngày 01/8/2006 của Thống đốc Ngân hàng Nhà nước ban hành Quy chế kiểm toán nội bộ của tổ chức tín d"
143217,66/2020/TT-BTC,88/2015/QH,Căn cứ,"Tự do - Hạnh phúc Hà Nội, ngày 10 tháng 7 năm 2020 THÔNG TƯ Ban hành Quy chế mẫu về kiểm toán nội bộ áp dụng cho doanh nghiệp Căn cứ Luật kế toán số 88/2015/QH 13 ngày 20 tháng 11 năm 2015; Căn cứ Nghị định số 05/2019/NĐ-CP ngày 22 thảng 01 năm 2019 của Chính"
143217,66/2020/TT-BTC,05/2019/NĐ-CP,Căn cứ,Ban hành Quy chế mẫu về kiểm toán nội bộ áp dụng cho doanh nghiệp Căn cứ Luật kế toán số 88/2015/QH 13 ngày 20 tháng 11 năm 2015; Căn cứ Nghị định số 05/2019/NĐ-CP ngày 22 thảng 01 năm 2019 của Chính phủ về kiếm toán nội bộ; Căn cứ Nghị định số 87/2017/NĐ-CP ngày
143217,66/2020/TT-BTC,87/2017/NĐ-CP,Căn cứ,"5/QH 13 ngày 20 tháng 11 năm 2015; Căn cứ Nghị định số 05/2019/NĐ-CP ngày 22 thảng 01 năm 2019 của Chính phủ về kiếm toán nội bộ; Căn cứ Nghị định số 87/2017/NĐ-CP ngày 26 tháng 7 năm 2017 của Chính phủ quy định chức năng, nhiệm vụ, quyền hạn và cơ cấu tố chức củ"
143217,66/2020/TT-BTC,05/2019/NĐ-CP,Trích dẫn,ểm toán nội bộ của doanh nghiệp. Điều 2. Đối tượng áp dụng 1. Thông tư này áp dụng đối với các doanh nghiệp quy định tại khoản 1 Điều 10 Nghị định số 05/2019/NĐ-CP ngày 22 tháng 01 năm 2019 của Chính phủ về kiếm toán nội bộ. 2. Các doanh nghiệp không thuộc quy đị
143217,66/2020/TT-BTC,05/2019/NĐ-CP,Trích dẫn,. Quy chế kiểm toán nội bộ 1. Quy chế kiểm toán nội bộ của doanh nghiệp phải bao gồm các nội dung tối thiểu quy định tại khoản 1 Điều 12 Nghị định số 05/2019/NĐ-CP ngày 22 tháng 01 năm 2019 của Chính phủ về kiểm toán nội bộ. 2. Doanh nghiệp tham chiếu mẫu Quy chế
143217,66/2020/TT-BTC,05/2019/NĐ-CP,Trích dẫn,"tham chiếu mẫu Quy chế kiểm toán nội bộ tại Phụ lục Thông tư này để xây dựng Quy chế kiểm toán nội bộ, đảm bảo phù hợp với quy định của Nghị định số 05/2019/NĐ-CP ngày 22 tháng 01 năm 2019 của Chính phù về kiểm toán nội bộ, các quy định pháp luật hiện hành và cơ"
168859,29/2024/TT-NHNN,102/2022/NĐ-CP,Căn cứ,"16 tháng 6 năm 2010; Căn cứ Luật Các tổ chức tín dụng ngày 18 tháng 01 năm 2024; Căn cứ Luật Hợp tác xã ngày 17 tháng 6 năm 2023; Căn cứ Nghị định số 102/2022/NĐ-CP ngày 12 tháng 12 năm 2022 của Chính phủ quy định chức năng, nhiệm vụ, quyền hạn và cơ cấu tổ chức c"
168859,29/2024/TT-NHNN,06/2007/TT-NHNN,"Sửa đổi, bổ sung","c phê duyệt. 3. Quỹ tín dụng nhân dân hoạt động theo ngành nghề, quỹ tín dụng nhân dân hoạt động theo từng doanh nghiệp được quy định tại Thông tư số 06/2007/TT-NHNN ngày 06 tháng 11 năm 2007 của Thống đốc Ngân hàng Nhà nước sửa đổi, bổ sung Thông tư số 08/2005/TT-"
168859,29/2024/TT-NHNN,08/2005/TT-NHNN,"Sửa đổi, bổ sung","ng doanh nghiệp được quy định tại Thông tư số 06/2007/TT-NHNN ngày 06 tháng 11 năm 2007 của Thống đốc Ngân hàng Nhà nước sửa đổi, bổ sung Thông tư số 08/2005/TT-NHNN ngày 30 tháng 12 năm 2005 của Ngân hàng Nhà nước hướng dẫn thực hiện Nghị định số 48/2001/NĐ-CP ngà"
168859,29/2024/TT-NHNN,48/2001/NĐ-CP,"Sửa đổi, bổ sung","đốc Ngân hàng Nhà nước sửa đổi, bổ sung Thông tư số 08/2005/TT-NHNN ngày 30 tháng 12 năm 2005 của Ngân hàng Nhà nước hướng dẫn thực hiện Nghị định số 48/2001/NĐ-CP ngày 13/8/2001 về tổ chức và hoạt động của quỹ tín dụng nhân dân và Nghị định số 69/2005/NĐ-CP ngày"
168859,29/2024/TT-NHNN,69/2005/NĐ-CP,"Sửa đổi, bổ sung","ủa Ngân hàng Nhà nước hướng dẫn thực hiện Nghị định số 48/2001/NĐ-CP ngày 13/8/2001 về tổ chức và hoạt động của quỹ tín dụng nhân dân và Nghị định số 69/2005/NĐ-CP ngày 26 tháng 5 năm 2005 của Chính phủ về việc sửa đổi, bổ sung một số điều của Nghị định số 48/200"
168859,29/2024/TT-NHNN,48/2001/NĐ-CP,"Sửa đổi, bổ sung","của quỹ tín dụng nhân dân và Nghị định số 69/2005/NĐ-CP ngày 26 tháng 5 năm 2005 của Chính phủ về việc sửa đổi, bổ sung một số điều của Nghị định số 48/2001/NĐ-CP ngày 13 tháng 8 năm 2001 của Chính phủ về tổ chức và hoạt động của quỹ tín dụng nhân dân được tiếp"
168859,29/2024/TT-NHNN,04/2015/TT-NHNN,Bãi bỏ,ỹ tín dụng nhân dân. Điều 35. Hiệu lực thi hành 1. Thông tư này có hiệu lực thi hành từ ngày 01 tháng 7 năm 2024. 2. Thông tư này bãi bỏ: a) Thông tư 04/2015/TT-NHNN ngày 31/03/2015 của Thống đốc Ngân hàng Nhà nước quy định về quỹ tín dụng nhân dân; b) Thông tư số
168859,29/2024/TT-NHNN,06/2017/TT-NHNN,"Sửa đổi, bổ sung",". Thông tư này bãi bỏ: a) Thông tư 04/2015/TT-NHNN ngày 31/03/2015 của Thống đốc Ngân hàng Nhà nước quy định về quỹ tín dụng nhân dân; b) Thông tư số 06/2017/TT-NHNN ngày 05/7/2017 của Thống đốc Ngân hàng sửa đổi, bổ sung một số điều của Thông tư số 03/2014/TT-NHNN"
168859,29/2024/TT-NHNN,03/2014/TT-NHNN,"Sửa đổi, bổ sung","quy định về quỹ tín dụng nhân dân; b) Thông tư số 06/2017/TT-NHNN ngày 05/7/2017 của Thống đốc Ngân hàng sửa đổi, bổ sung một số điều của Thông tư số 03/2014/TT-NHNN ngày 23/01/2014 của Thống đốc Ngân hàng Nhà nước quy định về quỹ bảo đảm an toàn hệ thống quỹ tín d"
168859,29/2024/TT-NHNN,04/2015/TT-NHNN,Trích dẫn,"tư số 03/2014/TT-NHNN ngày 23/01/2014 của Thống đốc Ngân hàng Nhà nước quy định về quỹ bảo đảm an toàn hệ thống quỹ tín dụng nhân dân và Thông tư số 04/2015/TT-NHNN ngày 31/03/2015 của Thống đốc Ngân hàng Nhà nước quy định về quỹ tín dụng nhân dân; c) Điều 2, khoả"
168859,29/2024/TT-NHNN,21/2019/TT-NHNN,"Sửa đổi, bổ sung","và Thông tư số 04/2015/TT-NHNN ngày 31/03/2015 của Thống đốc Ngân hàng Nhà nước quy định về quỹ tín dụng nhân dân; c) Điều 2, khoản 1 Điều 6 Thông tư 21/2019/TT-NHNN ngày 14/11/2019 của Thống đốc Ngân hàng Nhà nước sửa đổi, bổ sung một số điều của các Thông tư quy"
168859,29/2024/TT-NHNN,01/2023/TT-NHNN,"Sửa đổi, bổ sung","ố điều của các Thông tư quy định về ngân hàng hợp tác xã, quỹ tín dụng nhân dân và quỹ bảo đảm an toàn hệ thống quỹ tín dụng nhân dân; d) Thông tư số 01/2023/TT-NHNN ngày 01/3/2023 của Thống đốc Ngân hàng Nhà nước sửa đổi, bổ sung một số điều của Thông tư số 04/201"
168859,29/2024/TT-NHNN,04/2015/TT-NHNN,"Sửa đổi, bổ sung","ng quỹ tín dụng nhân dân; d) Thông tư số 01/2023/TT-NHNN ngày 01/3/2023 của Thống đốc Ngân hàng Nhà nước sửa đổi, bổ sung một số điều của Thông tư số 04/2015/TT-NHNN ngày 31/3/2015 của Thống đốc Ngân hàng Nhà nước Việt Nam quy định về quỹ tín dụng nhân dân; đ) Điều"
168859,29/2024/TT-NHNN,24/2023/TT,"Sửa đổi, bổ sung","iều của Thông tư số 04/2015/TT-NHNN ngày 31/3/2015 của Thống đốc Ngân hàng Nhà nước Việt Nam quy định về quỹ tín dụng nhân dân; đ) Điều 2 Thông tư số 24/2023/TT- NHNN ngày 29/12/2023 của Thống đốc Ngân hàng Nhà nước sửa đổi, bổ sung một số điều của các Thông t"
150974,08/2021/TT-BTC,8/2021/TT-BTC,Trích dẫn,"BỘ TÀI CHÍNH CỘNG HOÀ XÃ HỘI CHỦ NGHĨA VIỆT NAM Độc lập - Tự do - Hạnh phúc Số: 8/2021/TT-BTC Hà Nội, ngày 25 tháng 01 năm 2021 THÔNG TƯ Ban hành chuẩn mực kiểm toán nội bộ Việt Nam và các nguy"
150974,08/2021/TT-BTC,88/2015/QH13,Căn cứ,n hành chuẩn mực kiểm toán nội bộ Việt Nam và các nguyên tắc đạo đức nghề nghiệp kiểm toán nội bộ ‾‾‾‾‾‾‾‾‾‾‾‾‾‾‾‾‾‾‾‾‾‾‾‾‾‾‾‾ Căn cứ Luật kế toán số 88/2015/QH13 ngày 20 tháng 11 năm 2015; Căn cứ Nghị định 05/2019/NĐ-CP ngày 22 tháng 01 năm 2019 của Chính phủ v
150974,08/2021/TT-BTC,05/2019/NĐ-CP,Căn cứ,tắc đạo đức nghề nghiệp kiểm toán nội bộ ‾‾‾‾‾‾‾‾‾‾‾‾‾‾‾‾‾‾‾‾‾‾‾‾‾‾‾‾ Căn cứ Luật kế toán số 88/2015/QH13 ngày 20 tháng 11 năm 2015; Căn cứ Nghị định 05/2019/NĐ-CP ngày 22 tháng 01 năm 2019 của Chính phủ về kiểm toán nội bộ; Căn cứ Nghị định số 87/2017/NĐ-CP ngày
150974,08/2021/TT-BTC,87/2017/NĐ-CP,Căn cứ,"/2015/QH13 ngày 20 tháng 11 năm 2015; Căn cứ Nghị định 05/2019/NĐ-CP ngày 22 tháng 01 năm 2019 của Chính phủ về kiểm toán nội bộ; Căn cứ Nghị định số 87/2017/NĐ-CP ngày 26 tháng 7 năm 2017 của Chính phủ quy định chức năng, nhiệm vụ, quyền hạn và cơ cấu tổ chức củ"
150974,08/2021/TT-BTC,05/2019/NĐ-CP,Trích dẫn,"hiệp kiểm toán nội bộ áp dụng đối với các doanh nghiệp, cơ quan nhà nước, đơn vị sự nghiệp công lập quy định tại Điều 8, Điều 9, Điều 10 Nghị định số 05/2019/NĐ-CP ngày 22 tháng 01 năm 2019 của Chính phủ về kiểm toán nội bộ và các tổ chức cá nhân có liên quan tro"
150974,08/2021/TT-BTC,8/2021/TT-BTC,Trích dẫn,"nh; - Lưu: VT, Cục QLKT. KT. BỘ TRƯỞNG THỨ TRƯỞNG (Đã ký) Tạ Anh Tuấn Phụ lục số I CHUẨN MỰC KIỂM TOÁN NỘI BỘ VIỆT NAM (Ban hành kèm theo Thông tư số 8/2021/TT-BTC ngày 25 tháng 01 năm 2021 của Bộ trưởng Bộ Tài chính) Giới thiệu chuẩn mực Kiểm toán nội bộ được th"
150974,08/2021/TT-BTC,8/2021/TT-BTC,Trích dẫn,ộc trách nhiệm của người phụ trách kiểm toán nội bộ. Phụ lục số II CÁC NGUYÊN TẮC ĐẠO ĐỨC NGHÈ NGHIỆP KIỂM TOÁN NỘI BỘ (Ban hành kèm theo Thông tư số 8/2021/TT-BTC ngày 25 tháng 01 năm 2021 của Bộ trưởng Bộ Tài chính) 1. Người làm công tác kiểm toán nội bộ được k
164719,22/2023/TT-NHNN,41/2016/TT-NHNN,"Sửa đổi, bổ sung","GHĨA VIỆT NAM Độc lập – Tự do – Hạnh phúc Số: 22/2023/TT-NHNN Hà Nội, ngày 29 tháng 12 năm 2023 THÔNG TƯ Sửa đổi, bổ sung một số điều của Thông tư số 41/2016/TT-NHNN ngày 30 tháng 12 năm 2016 của Thống đốc Ngân hàng Nhà nước Việt Nam quy định tỷ lệ an toàn vốn đối"
164719,22/2023/TT-NHNN,102/2022/NĐ-CP,"Sửa đổi, bổ sung","c tín dụng ngày 16 tháng 6 năm 2010 và Luật sửa đổi, bổ sung một số điều của Luật Các tổ chức tín dụng ngày 20 tháng 11 năm 2017; Căn cứ Nghị định số 102/2022/NĐ-CP ngày 12 tháng 12 năm 2022 của Chính phủ quy định chức năng, nhiệm vụ, quyền hạn và cơ cấu tổ chức c"
164719,22/2023/TT-NHNN,41/2016/TT-NHNN,"Sửa đổi, bổ sung","đề nghị của Chánh Thanh tra, giám sát ngân hàng; Thống đốc Ngân hàng Nhà nước Việt Nam ban hành Thông tư sửa đổi, bổ sung một số điều của Thông tư số 41/2016/TT-NHNN ngày 30 tháng 12 năm 2016 của Thống đốc Ngân hàng Nhà nước Việt Nam quy định tỷ lệ an toàn vốn đối"
164719,22/2023/TT-NHNN,41/2016/TT-NHNN,"Sửa đổi, bổ sung","Nhà nước Việt Nam quy định tỷ lệ an toàn vốn đối với ngân hàng, chi nhánh ngân hàng nước ngoài. Điều 1. Sửa đổi, bổ sung một số điều của Thông tư số 41/2016/TT-NHNN 1. Sửa đổi, bổ sung khoản 11 Điều 2 như sau: ""11. Khoản cho vay thế chấp nhà là khoản cho vay bảo đ"
164719,22/2023/TT-NHNN,41/2016/TT-NHNN,Thay thế,"à nước trong việc chấp hành quy định tại Thông tư này."" Điều 2. Thay thế Phụ lục 01, Phụ lục 02, Phụ lục 03, Phụ lục 04 và Phụ lục 06 của Thông tư số 41/2016/TT-NHNN bằng Phụ lục 01, Phụ lục 02, Phụ lục 03, Phụ lục 04 và Phụ lục 06 ban hành kèm theo Thông tư này. Đ"
173695,56/2024/TT-NHNN,102/2022/NĐ-CP,Căn cứ,"___ Căn cứ Luật Ngân hàng Nhà nước Việt Nam ngày 16 tháng 6 năm 2010; Căn cứ Luật Các tổ chức tín dụng ngày 18 tháng 01 năm 2024; Căn cứ Nghị định số 102/2022/NĐ-CP ngày 12 tháng 12 năm 2022 của Chính phủ quy định chức năng, nhiệm vụ, quyền hạn và cơ cấu tổ chức c"
186482,69/2025/TT-NHNN,46/2010/QH12,"Sửa đổi, bổ sung","c quản lý, giám sát ngân hàng liên quan đến cắt giảm điều kiện kinh doanh, đơn giản hóa thủ tục hành chính Căn cứ Luật Ngân hàng Nhà nước Việt Nam số 46/2010/QH12; Căn cứ Luật Các tổ chức tín dụng số 32/2024/QH15 được sửa đổi, bổ sung bởi Luật số 96/2025/QH15; C"
186482,69/2025/TT-NHNN,32/2024/QH15,"Sửa đổi, bổ sung","ảm điều kiện kinh doanh, đơn giản hóa thủ tục hành chính Căn cứ Luật Ngân hàng Nhà nước Việt Nam số 46/2010/QH12; Căn cứ Luật Các tổ chức tín dụng số 32/2024/QH15 được sửa đổi, bổ sung bởi Luật số 96/2025/QH15; Căn cứ Nghị định số 26/2025/NĐ-CP của Chính phủ quy"
186482,69/2025/TT-NHNN,96/2025/QH15,"Sửa đổi, bổ sung","ành chính Căn cứ Luật Ngân hàng Nhà nước Việt Nam số 46/2010/QH12; Căn cứ Luật Các tổ chức tín dụng số 32/2024/QH15 được sửa đổi, bổ sung bởi Luật số 96/2025/QH15; Căn cứ Nghị định số 26/2025/NĐ-CP của Chính phủ quy định chức năng, nhiệm vụ, quyền hạn và cơ cấu"
186482,69/2025/TT-NHNN,26/2025/NĐ-CP,"Sửa đổi, bổ sung","à nước Việt Nam số 46/2010/QH12; Căn cứ Luật Các tổ chức tín dụng số 32/2024/QH15 được sửa đổi, bổ sung bởi Luật số 96/2025/QH15; Căn cứ Nghị định số 26/2025/NĐ-CP của Chính phủ quy định chức năng, nhiệm vụ, quyền hạn và cơ cấu tổ chức của Ngân hàng Nhà nước Việt"
186482,69/2025/TT-NHNN,19/2013/TT,"Sửa đổi, bổ sung","iám sát ngân hàng liên quan đến cắt giảm điều kiện kinh doanh, đơn giản hóa thủ tục hành chính. Chương I SỬA ĐỔI, BỔ SUNG MỘT SỐ ĐIỀU CỦA THÔNG TƯ SỐ 19/2013/TT- NHNN CỦA THỐNG ĐỐC NGÂN HÀNG NHÀ NƯỚC VIỆT NAM QUY ĐỊNH VỀ VIỆC MUA, BÁN VÀ XỬ LÝ NỢ XẤU CỦA CÔNG"
186482,69/2025/TT-NHNN,43/2015/TT,"Sửa đổi, bổ sung","y định tại điểm đ khoản 1 và khoản 3 Điều 16; khoản 2 Điều 32; khoản 2 Điều 37 Thông tư này.”. Chương II SỬA ĐỔI, BỔ SUNG MỘT SỐ ĐIỀU CỦA THÔNG TƯ SỐ 43/2015/TT- NHNN CỦA THỐNG ĐỐC NGÂN HÀNG NHÀ NƯỚC VIỆT NAM QUY ĐỊNH VỀ TỔ CHỨC VÀ HOẠT ĐỘNG CỦA PHÒNG GIAO DỊC"
186482,69/2025/TT-NHNN,53/2018/TT,"Sửa đổi, bổ sung","điểm mới khi không đáp ứng các quy định tại khoản 2, khoản 4, khoản 5 Điều 8 Thông tư này.”. Chương III SỬA ĐỔI, BỔ SUNG MỘT SỐ ĐIỀU CỦA THÔNG TƯ SỐ 53/2018/TT- NHNN CỦA THỐNG ĐỐC NGÂN HÀNG NHÀ NƯỚC VIỆT NAM QUY ĐỊNH VỀ MẠNG LƯỚI HOẠT ĐỘNG CỦA TỔ CHỨC TÍN DỤN"
186482,69/2025/TT-NHNN,53/2018/TT-NHNN,Bãi bỏ,duy trì giá trị thực của vốn điều lệ tối thiểu bằng mức vốn pháp định.”. Điều 24. Bãi bỏ Điều 24 Điều 25. Thay thế Phụ lục ban hành kèm theo Thông tư 53/2018/TT-NHNN Thay thế Phụ lục ban hành kèm theo Thông tư 53/2018/TT-NHNN bằng Phụ lục ban hành kèm theo Thông tư
186482,69/2025/TT-NHNN,53/2018/TT-NHNN,"Sửa đổi, bổ sung","pháp định.”. Điều 24. Bãi bỏ Điều 24 Điều 25. Thay thế Phụ lục ban hành kèm theo Thông tư 53/2018/TT-NHNN Thay thế Phụ lục ban hành kèm theo Thông tư 53/2018/TT-NHNN bằng Phụ lục ban hành kèm theo Thông tư này. Chương IV SỬA ĐỔI, BỔ SUNG MỘT SỐ ĐIỀU CỦA THÔNG TƯ SỐ"
186482,69/2025/TT-NHNN,62/2024/TT-NHNN,"Sửa đổi, bổ sung","hụ lục ban hành kèm theo Thông tư 53/2018/TT-NHNN bằng Phụ lục ban hành kèm theo Thông tư này. Chương IV SỬA ĐỔI, BỔ SUNG MỘT SỐ ĐIỀU CỦA THÔNG TƯ SỐ 62/2024/TT-NHNN CỦA THỐNG ĐỐC NGÂN HÀNG NHÀ NƯỚC VIỆT NAM QUY ĐỊNH VỀ ĐIỀU KIỆN, HỒ SƠ, THỦ TỤC CHẤP THUẬN VIỆC TỔ"
186482,69/2025/TT-NHNN,14/2015/TT-NHNN,"Sửa đổi, bổ sung","5 tháng 02 năm 2026 2. Kể từ ngày thông tư này có hiệu lực thi hành, các quy định sau đây hết hiệu lực thi hành: a) Khoản 8, khoản 14 Điều 1 Thông tư 14/2015/TT-NHNN sửa đổi bổ sung một số điều của Thông tư số 19/2013/TT-NHNN của Thống đốc Ngân hàng Nhà nước Việt N"
186482,69/2025/TT-NHNN,19/2013/TT-NHNN,"Sửa đổi, bổ sung","hi hành, các quy định sau đây hết hiệu lực thi hành: a) Khoản 8, khoản 14 Điều 1 Thông tư 14/2015/TT-NHNN sửa đổi bổ sung một số điều của Thông tư số 19/2013/TT-NHNN của Thống đốc Ngân hàng Nhà nước Việt Nam quy định về việc mua, bán và xử lý nợ xấu của Công ty Quả"
186482,69/2025/TT-NHNN,03/2024/TT-NHNN,"Sửa đổi, bổ sung","Điều 1; cụm từ “các khoản 2, 3, 4 Điều 10” tại khoản 1 Điều 2; cụm từ ""khoản 2 Điều 12"", cụm từ ""các khoản 5, 6 Điều 13"" tại khoản 2 Điều 2 Thông tư 03/2024/TT-NHNN của Thống đốc Ngân hàng Nhà nước Việt Nam sửa đổi, bổ sung một số Điều của Thông tư số 19/2013/TT-N"
186482,69/2025/TT-NHNN,19/2013/TT-NHNN,"Sửa đổi, bổ sung","hoản 5, 6 Điều 13"" tại khoản 2 Điều 2 Thông tư 03/2024/TT-NHNN của Thống đốc Ngân hàng Nhà nước Việt Nam sửa đổi, bổ sung một số Điều của Thông tư số 19/2013/TT-NHNN của Thống đốc Ngân hàng Nhà nước Việt Nam quy định về việc mua, bán và xử lý nợ xấu của Công ty Quả"
186482,69/2025/TT-NHNN,27/2022/TT-NHNN,"Sửa đổi, bổ sung","xử lý nợ xấu của Công ty Quản lý tài sản của các tổ chức tín dụng Việt Nam; c) Cụm từ “điểm b khoản 3 Điều 10” tại điểm c khoản 5 Điều 1 Thông tư số 27/2022/TT-NHNN của Thống đốc Ngân hàng Nhà nước Việt Nam sửa đổi, bổ sung một số điều của các Thông tư quy định về"
186482,69/2025/TT-NHNN,30/2024/TT-NHNN,"Sửa đổi, bổ sung","hân cấp giải quyết thủ tục hành chính trong lĩnh vực thành lập và hoạt động ngân hàng; d) Khoản 7, khoản 9, khoản 14, điểm c khoản 15 Điều 1 Thông tư 30/2024/TT-NHNN của Thống đốc Ngân hàng Nhà nước Việt Nam sửa đổi, bổ sung một số điều của các Thông tư quy định về"
112924,105/2016/TT-BTC,28/2005/PL-UBTVQH,"Sửa đổi, bổ sung","09 tháng 12 năm 2000; Căn cứ Luật sửa đổi, bổ sung một số điều của Luật Kinh doanh bảo hiểm ngày 24 tháng 11 năm 2010; Căn cứ Pháp lệnh Ngoại hối số 28/2005/PL-UBTVQH ngày 13 tháng 12 năm 2005; Căn cứ Pháp lệnh số 06/2013/PL-UBTVQH13 ngày 18 tháng 03 năm 2013 sửa đổ"
112924,105/2016/TT-BTC,06/2013/PL-UBTVQH13,"Sửa đổi, bổ sung","ủa Luật Kinh doanh bảo hiểm ngày 24 tháng 11 năm 2010; Căn cứ Pháp lệnh Ngoại hối số 28/2005/PL-UBTVQH ngày 13 tháng 12 năm 2005; Căn cứ Pháp lệnh số 06/2013/PL-UBTVQH13 ngày 18 tháng 03 năm 2013 sửa đổi, bổ sung một số điều của Pháp lệnh Ngoại hối; Căn cứ Nghị định số"
112924,105/2016/TT-BTC,215/2013/NĐ-CP,"Sửa đổi, bổ sung","năm 2005; Căn cứ Pháp lệnh số 06/2013/PL-UBTVQH13 ngày 18 tháng 03 năm 2013 sửa đổi, bổ sung một số điều của Pháp lệnh Ngoại hối; Căn cứ Nghị định số 215/2013/NĐ-CP ngày 23 tháng 12 năm 2013 của Chính phủ quy định chức năng, nhiệm vụ, quyền hạn và cơ cấu tổ chức c"
112924,105/2016/TT-BTC,135/2015/NĐ-CP,Căn cứ,"15/2013/NĐ-CP ngày 23 tháng 12 năm 2013 của Chính phủ quy định chức năng, nhiệm vụ, quyền hạn và cơ cấu tổ chức của Bộ Tài chính; Căn cứ Nghị định số 135/2015/NĐ-CP ngày 31 tháng 12 năm 2015 của Chính phủ quy định về đầu tư gián tiếp ra nước ngoài; Theo đề nghị củ"
112924,105/2016/TT-BTC,135/2015/NĐ-CP,Trích dẫn,", cá nhân có liên quan đến hoạt động đầu tư gián tiếp ra nước ngoài. Điều 3. Giải thích từ ngữ Ngoài các từ ngữ đã được giải thích trong Nghị định số 135/2015/NĐ-CP ngày 31/12/2015 của Chính phủ quy định về đầu tư gián tiếp ra nước ngoài (sau đây gọi là Nghị định"
112924,105/2016/TT-BTC,135/2015/NĐ-CP,Trích dẫn,"ợc giải thích trong Nghị định số 135/2015/NĐ-CP ngày 31/12/2015 của Chính phủ quy định về đầu tư gián tiếp ra nước ngoài (sau đây gọi là Nghị định số 135/2015/NĐ-CP ), trong Thông tư này, các từ ngữ dưới đây được hiểu như sau: 1. Tổ chức kinh doanh chứng khoán bao"
112924,105/2016/TT-BTC,135/2015/NĐ-CP,Trích dẫn,iấy chứng nhận đăng ký đầu tư gián tiếp ra nước ngoài trong các trường hợp sau: a) Không còn đáp ứng quy định tại điểm d khoản 2 Điều 14 Nghị định số 135/2015/NĐ-CP . Trong thời hạn ba mươi (30) ngày kể từ ngày hết thời hạn khắc phục theo quy định của pháp luật hi
112924,105/2016/TT-BTC,135/2015/NĐ-CP,Trích dẫn,"khắc phục theo quy định của pháp luật hiện hành mà tổ chức kinh doanh chứng khoán vẫn không đáp ứng quy định tại điểm d khoản 2 Điều 14 Nghị định số 135/2015/NĐ-CP , Ủy ban Chứng khoán Nhà nước ra quyết định thu hồi giấy chứng nhận đăng ký đầu tư gián tiếp ra nướ"
112924,105/2016/TT-BTC,135/2015/NĐ-CP,Trích dẫn,"ều kiện cấp giấy phép thành lập và hoạt động theo quy định của pháp luật hiện hành, hoặc trở thành đối tượng quy định tại khoản 4 Điều 2 Nghị định số 135/2015/NĐ-CP . Trong thời hạn ba mươi (30) ngày kể từ ngày tổ chức kinh doanh chứng khoán bị buộc thu hồi, Ủy ba"
112924,105/2016/TT-BTC,135/2015/NĐ-CP,Trích dẫn,"quỹ đầu tư chứng khoán, công ty đầu tư chứng khoán đầu tư gián tiếp ra nước ngoài không còn đáp ứng quy định tại điểm d khoản 2 Điều 14 Nghị định số 135/2015/NĐ-CP . Trong thời hạn ba mươi (30) ngày kể từ ngày hết thời hạn khắc phục theo quy định của pháp luật hi"
112924,105/2016/TT-BTC,135/2015/NĐ-CP,Trích dẫn,"ết thời hạn khắc phục theo quy định của pháp luật hiện hành mà công ty quản lý quỹ vẫn không đáp ứng quy định tại điểm d khoản 2 Điều 14 Nghị định số 135/2015/NĐ-CP , Ủy ban Chứng khoán Nhà nước ra văn bản chấm dứt đầu tư gián tiếp ra nước ngoài đối với quỹ đầu tư"
112924,105/2016/TT-BTC,135/2015/NĐ-CP,Trích dẫn,"ều kiện cấp giấy phép thành lập và hoạt động theo quy định của pháp luật hiện hành, hoặc trở thành đối tượng quy định tại khoản 4 Điều 2 Nghị định số 135/2015/NĐ-CP . Trong thời hạn ba mươi (30) ngày kể từ ngày quỹ đầu tư chứng khoán, công ty đầu tư chứng khoán bị"
112924,105/2016/TT-BTC,135/2015/NĐ-CP,Trích dẫn,ký đầu tư gián tiếp ra nước ngoài trong các trường hợp sau: a) Doanh nghiệp kinh doanh bảo hiểm không còn đáp ứng điểm d khoản 2 Điều 14 Nghị định số 135/2015/NĐ-CP . Trong thời hạn ba mươi (30) ngày kể từ ngày hết thời hạn khắc phục theo quy định của pháp luật hi
112924,105/2016/TT-BTC,135/2015/NĐ-CP,Trích dẫn,"ết thời hạn khắc phục theo quy định của pháp luật hiện hành mà doanh nghiệp kinh doanh bảo hiểm vẫn không đáp ứng điểm d khoản 2 Điều 14 Nghị định số 135/2015/NĐ-CP , Bộ Tài chính ra quyết định thu hồi giấy chứng nhận đăng ký đầu tư gián tiếp ra nước ngoài, đồng t"
112924,105/2016/TT-BTC,135/2015/NĐ-CP,Trích dẫn,ó thông tin sai sự thật trực tiếp ảnh hưởng đến việc ra quyết định của Bộ Tài chính hoặc trở thành đối tượng quy định tại khoản 4 Điều 2 Nghị định số 135/2015/NĐ-CP . Trong thời hạn ba mươi (30) ngày kể từ ngày bị buộc thu hồi giấy chứng nhận đăng ký đầu tư gián t
112924,105/2016/TT-BTC,135/2015/NĐ-CP,Trích dẫn,hoạt động nhận ủy thác đầu tư gián tiếp ra nước ngoài trong các trường hợp sau: a) Không còn đáp ứng quy định tại điểm e khoản 2 Điều 23 Nghị định số 135/2015/NĐ-CP . Trong thời hạn ba mươi (30) ngày kể từ ngày hết thời hạn khắc phục theo quy định của pháp luật hi
112924,105/2016/TT-BTC,135/2015/NĐ-CP,Trích dẫn,"kể từ ngày hết thời hạn khắc phục theo quy định của pháp luật hiện hành mà công ty quản lý quỹ vẫn không đáp ứng điểm e khoản 2 Điều 23 Nghị định số 135/2015/NĐ-CP , Ủy ban Chứng khoán Nhà nước ra quyết định thu hồi giấy chứng nhận đăng ký hoạt động nhận ủy thác"
112924,105/2016/TT-BTC,135/2015/NĐ-CP,Trích dẫn,"ra nước ngoài đồng thời gửi quyết định đến Ngân hàng Nhà nước Việt Nam. Kể từ khi không còn đáp ứng quy định tại điểm e khoản 2 Điều 23 Nghị định số 135/2015/NĐ-CP , công ty quản lý quỹ không được ký mới, gia hạn các hợp đồng ủy thác đầu tư gián tiếp ra nước ngoà"
112924,105/2016/TT-BTC,135/2015/NĐ-CP,Trích dẫn,tự doanh chứng khoán mới được đầu tư hoặc ủy thác đầu tư gián tiếp ra nước ngoài (không bao gồm trường hợp quy định tại khoản 4 Điều 19 Nghị định số 135/2015/NĐ-CP ). Việc đầu tư gián tiếp do công ty chứng khoán hoặc chi nhánh của mình tại nước ngoài (nếu có) thự
112924,105/2016/TT-BTC,135/2015/NĐ-CP,Trích dẫn,"ng ủy thác đầu tư trong nước; công ty quản lý quỹ có trách nhiệm đảm bảo tổ chức ủy thác đáp ứng các điều kiện theo quy định tại Điều 20 Nghị định số 135/2015/NĐ-CP . Hợp đồng ủy thác đầu tư quy định số tiền ủy thác, thời hạn ủy thác, công cụ đầu tư, quyền, nghĩa"
112924,105/2016/TT-BTC,135/2015/NĐ-CP,Trích dẫn,gián tiếp ra nước ngoài. 4. Tổ chức ủy thác phải đáp ứng quy định về nguồn vốn đầu tư gián tiếp ra nước ngoài theo quy định tại Điều 10 Nghị định số 135/2015/NĐ-CP và chịu trách nhiệm về rủi ro đối với số vốn đã ủy thác đầu tư gián tiếp ra nước ngoài. 5. Tổ chức
112924,105/2016/TT-BTC,135/2015/NĐ-CP,Trích dẫn,"số vốn đã ủy thác đầu tư gián tiếp ra nước ngoài. 5. Tổ chức ủy thác và công ty quản lý quỹ phải tuân thủ quy định tại Điều 19, Điều 22 Nghị định số 135/2015/NĐ-CP . 6. Công ty quản lý quỹ ký hợp đồng lưu ký với tổ chức lưu ký tại nước ngoài được phép cung cấp dị"
112924,105/2016/TT-BTC,135/2015/NĐ-CP,Trích dẫn,kiểm toán trong năm (05) năm liên tục liền trước năm thực hiện ủy thác đầu tư gián tiếp ra nước ngoài theo quy định tại khoản 1 Điều 20 Nghị định số 135/2015/NĐ-CP ; b) Văn bản của cơ quan thuế xác nhận đã thực hiện đầy đủ nghĩa vụ tài chính với nhà nước Việt Nam
174218,62/2024/TT-NHNN,102/2022/NĐ-CP,Căn cứ,"g ngày 18 tháng 01 năm 2024; Căn cứ Luật Doanh nghiệp ngày 17 tháng 06 năm 2020; Căn cứ Luật Cạnh tranh ngày 12 tháng 6 năm 2018; Căn cứ Nghị định số 102/2022/NĐ-CP ngày 12 tháng 12 năm 2022 của Chính phủ quy định chức năng, nhiệm vụ, quyền hạn và cơ cấu tổ chức c"
174218,62/2024/TT-NHNN,36/2015/TT-NHNN,Trích dẫn,". Hiệu lực thi hành 1. Thông tư này có hiệu lực thi hành kể từ ngày 17 tháng 2 năm 2025. 2. Kể từ ngày Thông tư này có hiệu lực thi hành, Thông tư số 36/2015/TT-NHNN ngày 31 tháng 12 năm 2015 của Thống đốc Ngân hàng Nhà nước Việt Nam quy định việc tổ chức lại tổ ch"
186888,62/2025/TT-NHNN,46/2010/QH12,"Sửa đổi, bổ sung","THÔNG TƯ Quy định về hệ thống kiểm soát nội bộ của tổ chức tín dụng là hợp tác xã, tổ chức tài chính vi mô Căn cứ Luật Ngân hàng Nhà nước Việt Nam số 46/2010/QH12; Căn cứ Luật Các tổ chức tín dụng số 32/2024/QH15 được sửa đổi, bổ sung bởi Luật số 96/2025/QH15; C"
186888,62/2025/TT-NHNN,32/2024/QH15,"Sửa đổi, bổ sung","tổ chức tín dụng là hợp tác xã, tổ chức tài chính vi mô Căn cứ Luật Ngân hàng Nhà nước Việt Nam số 46/2010/QH12; Căn cứ Luật Các tổ chức tín dụng số 32/2024/QH15 được sửa đổi, bổ sung bởi Luật số 96/2025/QH15; Căn cứ Nghị định số 26/2025/NĐ-CP của Chính phủ quy"
186888,62/2025/TT-NHNN,96/2025/QH15,"Sửa đổi, bổ sung","ính vi mô Căn cứ Luật Ngân hàng Nhà nước Việt Nam số 46/2010/QH12; Căn cứ Luật Các tổ chức tín dụng số 32/2024/QH15 được sửa đổi, bổ sung bởi Luật số 96/2025/QH15; Căn cứ Nghị định số 26/2025/NĐ-CP của Chính phủ quy định chức năng, nhiệm vụ, quyền hạn và cơ cấu"
186888,62/2025/TT-NHNN,26/2025/NĐ-CP,"Sửa đổi, bổ sung","à nước Việt Nam số 46/2010/QH12; Căn cứ Luật Các tổ chức tín dụng số 32/2024/QH15 được sửa đổi, bổ sung bởi Luật số 96/2025/QH15; Căn cứ Nghị định số 26/2025/NĐ-CP của Chính phủ quy định chức năng, nhiệm vụ, quyền hạn và cơ cấu tổ chức của Ngân hàng Nhà nước Việt"
186888,62/2025/TT-NHNN,44/2011/TT-NHNN,Bãi bỏ,hương V ĐIỀU KHOẢN THI HÀNH Điều 56. Điều khoản thi hành 1. Thông tư này có hiệu lực từ ngày 01 tháng 01 năm 2027. 2. Thông tư này bãi bỏ Thông tư số 44/2011/TT-NHNN ngày 29 tháng 12 năm 2011 của Thống đốc Ngân hàng Nhà nước Việt Nam quy định về hệ thống kiểm soát
6e689cd0-6f81-11f1-94d6-fd5d6d5ff793,52/VBHN-NHNN,56/2024/TT-NHNN,Trích dẫn,"TƯ Quy định hồ sơ, thủ tục cấp Giấy phép lần đầu của ngân hàng thương mại, chi nhánh ngân hàng nước ngoài, văn phòng đại diện nước ngoài Thông tư số 56/2024/TT-NHNN ngày 24 tháng 12 năm 2024 của Thống đốc Ngân hàng Nhà nước Việt Nam quy định hồ sơ, thủ tục cấp Giấ"
6e689cd0-6f81-11f1-94d6-fd5d6d5ff793,52/VBHN-NHNN,12/2025/TT-NHNN,"Sửa đổi, bổ sung","chi nhánh ngân hàng nước ngoài, văn phòng đại diện nước ngoài, có hiệu lực kể từ ngày 24 tháng 12 năm 2024 được sửa đổi, bổ sung bởi: 1. Thông tư số 12/2025/TT-NHNN ngày 30 tháng 6 năm 2025 của Thống đốc Ngân hàng Nhà nước Việt Nam sửa đổi, bổ sung một số điều của"
6e689cd0-6f81-11f1-94d6-fd5d6d5ff793,52/VBHN-NHNN,11/2026/TT-NHNN,Trích dẫn,"hi nhánh ngân hàng nước ngoài, văn phòng đại diện nước ngoài, tổ chức tín dụng phi ngân hàng, có hiệu lực từ ngày 14 tháng 8 năm 2025. 2. Thông tư số 11/2026/TT-NHNN ngày 19 tháng 5 năm 2026 của Thống đốc Ngân hàng Nhà nước Việt Nam phân cấp thực hiện thủ tục hành"
6e689cd0-6f81-11f1-94d6-fd5d6d5ff793,52/VBHN-NHNN,102/2022/NĐ-CP,Căn cứ,"26. Căn cứ Luật Ngân hàng Nhà nước Việt Nam ngày 16 tháng 6 năm 2010; Căn cứ Luật Các tổ chức tín dụng ngày 18 tháng 01 năm 2024; Căn cứ Nghị định số 102/2022/NĐ-CP ngày 12 tháng 12 năm 2022 của Chính phủ quy định chức năng, nhiệm vụ, quyền hạn và cơ cấu tổ chức c"
6e689cd0-6f81-11f1-94d6-fd5d6d5ff793,52/VBHN-NHNN,56/2024/TT-NHNN,Trích dẫn,"uan chịu trách nhiệm thực hiện Thông tư này./. Phụ lục số 01 MẪU GIẤY PHÉP THÀNH LẬP VÀ HOẠT ĐỘNG NGÂN HÀNG THƯƠNG MẠI (Ban hành kèm theo Thông tư số 56/2024/TT-NHNN ngày 24 tháng 12 năm 2024 của Thống đốc Ngân hàng Nhà nước Việt Nam quy định hồ sơ, thủ tục cấp Giấ"
6e689cd0-6f81-11f1-94d6-fd5d6d5ff793,52/VBHN-NHNN,102/2022/NĐ-CP,Căn cứ,"NAM Căn cứ Luật Ngân hàng Nhà nước Việt Nam ngày 16 tháng 6 năm 2010; Căn cứ Luật Các tổ chức tín dụng ngày 18 tháng 01 năm 2024; Căn cứ Nghị định số 102/2022/NĐ-CP ngày 12 tháng 12 năm 2022 của Chính phủ quy định chức năng, nhiệm vụ, quyền hạn và cơ cấu tổ chức c"
6e689cd0-6f81-11f1-94d6-fd5d6d5ff793,52/VBHN-NHNN,56/2024/TT-NHNN,Trích dẫn,"mối xử lý hồ sơ đề nghị cấp Giấy phép. THỐNG ĐỐC Phụ lục số 02 MẪU GIẤY PHÉP THÀNH LẬP CHI NHÁNH NGÂN HÀNG NƯỚC NGOÀI (Ban hành kèm theo Thông tư số 56/2024/TT-NHNN ngày 24 tháng 12 năm 2024 của Thống đốc Ngân hàng Nhà nước Việt Nam quy định hồ sơ, thủ tục cấp Giấ"
6e689cd0-6f81-11f1-94d6-fd5d6d5ff793,52/VBHN-NHNN,56/2024/TT-NHNN,Trích dẫn,"u mối xử lý hồ sơ đề nghị cấp Giấy phép. THỐNG ĐỐC Phụ lục số 03 MẪU GIẤY PHÉP THÀNH LẬP VĂN PHÒNG ĐẠI DIỆN NƯỚC NGOÀI (Ban hành kèm theo Thông tư số 56/2024/TT-NHNN ngày 24 tháng 12 năm 2024 của Thống đốc Ngân hàng Nhà nước Việt Nam quy định hồ sơ, thủ tục cấp Giấ"
6e689cd0-6f81-11f1-94d6-fd5d6d5ff793,52/VBHN-NHNN,102/2022/NĐ-CP,Căn cứ,"…. Căn cứ Luật Ngân hàng Nhà nước Việt Nam ngày 16 tháng 6 năm 2010; Căn cứ Luật Các tổ chức tín dụng ngày 18 tháng 01 năm 2024; Căn cứ Nghị định số 102/2022/NĐ-CP ngày 12 tháng 12 năm 2022 của Chính phủ quy định chức năng, nhiệm vụ, quyền hạn và cơ cấu tổ chức c"
6e689cd0-6f81-11f1-94d6-fd5d6d5ff793,52/VBHN-NHNN,56/2024/TT-NHNN,Trích dẫn,"Bộ Công an; - Lưu: …. GIÁM ĐỐC Phụ lục số 04 MẪU ĐƠN ĐỀ NGHỊ CẤP GIẤY PHÉP THÀNH LẬP VÀ HOẠT ĐỘNG NGÂN HÀNG THƯƠNG MẠI (Ban hành kèm theo Thông tư số 56/2024/TT-NHNN ngày 24 tháng 12 năm 2024 của Thống đốc Ngân hàng Nhà nước Việt Nam quy định hồ sơ, thủ tục cấp Giấ"
6e689cd0-6f81-11f1-94d6-fd5d6d5ff793,52/VBHN-NHNN,56/2024/TT-NHNN,Trích dẫn,"ý, đóng dấu và ghi đầy đủ họ tên) Phụ lục số 05 MẪU ĐƠN ĐỀ NGHỊ CẤP GIẤY PHÉP THÀNH LẬP CHI NHÁNH NGÂN HÀNG NƯỚC NGOÀI (Ban hành kèm theo Thông tư số 56/2024/TT-NHNN ngày 24 tháng 12 năm 2024 của Thống đốc Ngân hàng Nhà nước Việt Nam quy định hồ sơ, thủ tục cấp Giấ"
6e689cd0-6f81-11f1-94d6-fd5d6d5ff793,52/VBHN-NHNN,56/2024/TT-NHNN,Trích dẫn,"ký, đóng dấu và ghi đầy đủ họ tên Phụ lục số 06 MẪU ĐƠN ĐỀ NGHỊ CẤP GIẤY PHÉP THÀNH LẬP VĂN PHÒNG ĐẠI DIỆN NƯỚC NGOÀI (Ban hành kèm theo Thông tư số 56/2024/TT-NHNN ngày 24 tháng 12 năm 2024 của Thống đốc Ngân hàng Nhà nước Việt Nam quy định hồ sơ, thủ tục cấp Giấ"
6e689cd0-6f81-11f1-94d6-fd5d6d5ff793,52/VBHN-NHNN,56/2024/TT-NHNN,Trích dẫn,"ức nước ngoài khác có hoạt động ngân hàng (ký, đóng dấu và ghi đầy đủ họ tên) Phụ lục số 07 MẪU SƠ YẾU LÝ LỊCH TỰ KHAI (Ban hành kèm theo Thông tư số 56/2024/TT-NHNN ngày 24 tháng 12 năm 2024 của Thống đốc Ngân hàng Nhà nước Việt Nam quy định hồ sơ, thủ tục cấp Giấ"
6e689cd0-6f81-11f1-94d6-fd5d6d5ff793,52/VBHN-NHNN,56/2024/TT-NHNN,Trích dẫn,"ực theo quy định của pháp luật. Phụ lục số 08 MẪU DANH SÁCH CÁC CỔ ĐÔNG GÓP VỐN THÀNH LẬP NGÂN HÀNG THƯƠNG MẠI CỔ PHẦN (Ban hành kèm theo Thông tư số 56/2024/TT-NHNN ngày 24 tháng 12 năm 2024 của Thống đốc Ngân hàng Nhà nước Việt Nam quy định về hồ sơ, thủ tục cấp"
6e689cd0-6f81-11f1-94d6-fd5d6d5ff793,52/VBHN-NHNN,56/2024/TT-NHNN,Trích dẫn,"ện nay); nơi ở hiện tại (đối với người không có quốc tịch Việt Nam): Phụ lục số 09 MẪU ĐƠN MUA CỔ PHẦN ĐỐI VỚI CÁ NHÂN (Ban hành kèm theo Thông tư số 56/2024/TT-NHNN ngày 24 tháng 12 năm 2024 của Thống đốc Ngân hàng Nhà nước Việt Nam quy định về hồ sơ, thủ tục cấp"
6e689cd0-6f81-11f1-94d6-fd5d6d5ff793,52/VBHN-NHNN,56/2024/TT-NHNN,Trích dẫn,"hững hồ sơ gửi kèm (nếu có). Người mua cổ phần (Ký và ghi rõ họ tên) Phụ lục số 10 MẪU ĐƠN MUA CỔ PHẦN ĐỐI VỚI TỔ CHỨC (Ban hành kèm theo Thông tư số 56/2024/TT-NHNN ngày 24 tháng 12 năm 2024 của Thống đốc Ngân hàng Nhà nước Việt Nam quy định về hồ sơ, thủ tục cấp"
6e689cd0-6f81-11f1-94d6-fd5d6d5ff793,52/VBHN-NHNN,56/2024/TT-NHNN,Trích dẫn,", chức vụ và đóng dấu) Phụ lục số 11 BẢNG KÊ KHAI NGƯỜI CÓ LIÊN QUAN VÀ TÌNH HÌNH THAM GIA GÓP VỐN THÀNH LẬP NGÂN HÀNG (Ban hành kèm theo Thông tư số 56/2024/TT-NHNN ngày 24 tháng 12 năm 2024 của Thống đốc Ngân hàng Nhà nước Việt Nam quy định về hồ sơ, thủ tục cấp"
6e689cd0-6f81-11f1-94d6-fd5d6d5ff793,52/VBHN-NHNN,56/2024/TT-NHNN,Trích dẫn,"mất. Phụ lục số 12 MẪU BẢN KÊ KHAI TÀI SẢN, THU NHẬP CỦA CỔ ĐÔNG SÁNG LẬP LÀ CÁ NHÂN CỦA NGÂN HÀNG THƯƠNG MẠI CỔ PHẦN (Ban hành kèm theo Thông tư số 56/2024/TT-NHNN ngày 24 tháng 12 năm 2024 của Thống đốc Ngân hàng Nhà nước Việt Nam quy định về hồ sơ, thủ tục cấp"
6e689cd0-6f81-11f1-94d6-fd5d6d5ff793,52/VBHN-NHNN,56/2024/TT-NHNN,Trích dẫn,"ÁC ĐỊNH KHẢ NĂNG VỀ TÀI CHÍNH ĐỂ GÓP VỐN THÀNH LẬP NGÂN HÀNG THƯƠNG MẠI ĐỐI VỚI TỔ CHỨC KHÔNG PHẢI LÀ TỔ CHỨC TÍN DỤNG (Ban hành kèm theo Thông tư số 56/2024/TT-NHNN ngày 24 tháng 12 năm 2024 của Thống đốc Ngân hàng Nhà nước Việt Nam quy định về hồ sơ, thủ tục cấp"
6e689cd0-6f81-11f1-94d6-fd5d6d5ff793,52/VBHN-NHNN,56/2024/TT-NHNN,Trích dẫn,"ý và ghi rõ họ tên, chức vụ và đóng dấu) Phụ lục số 14 VĂN BẢN CAM KẾT THỰC HIỆN ĐẦY ĐỦ NGHĨA VỤ THUẾ, BẢO HIỂM XÃ HỘI (Ban hành kèm theo Thông tư số 56/2024/TT-NHNN ngày 24 tháng 12 năm 2024 của Thống đốc Ngân hàng Nhà nước Việt Nam quy định hồ sơ, thủ tục cấp Giấ"
6e689cd0-6f81-11f1-94d6-fd5d6d5ff793,52/VBHN-NHNN,162/2024/NĐ-CP,Căn cứ,"tháng … năm … VĂN BẢN CAM KẾT ĐÃ THỰC HIỆN ĐẦY ĐỦ NGHĨA VỤ THUẾ, BẢO HIỂM XÃ HỘI Kính gửi: Thống đốc Ngân hàng Nhà nước Việt Nam Căn cứ Nghị định số 162/2024/NĐ-CP ngày 20 tháng 12 năm 2024 của Chính phủ quy định điều kiện cấp Giấy phép đối với quỹ tín dụng nhân"
185630,63/2025/TT-NHNN,46/2010/QH12,"Sửa đổi, bổ sung","ày 31 tháng 12 năm 2025 THÔNG TƯ Sửa đổi, bổ sung một số điều của một số Thông tư về quỹ tín dụng nhân dân Căn cứ Luật Ngân hàng Nhà nước Việt Nam số 46/2010/QH12; Căn cứ Luật Các tổ chức tín dụng số 32/2024/QH15 được sửa đổi, bổ sung bởi Luật số 96/2025/QH15; C"
185630,63/2025/TT-NHNN,32/2024/QH15,"Sửa đổi, bổ sung","một số điều của một số Thông tư về quỹ tín dụng nhân dân Căn cứ Luật Ngân hàng Nhà nước Việt Nam số 46/2010/QH12; Căn cứ Luật Các tổ chức tín dụng số 32/2024/QH15 được sửa đổi, bổ sung bởi Luật số 96/2025/QH15; Căn cứ Luật Hợp tác xã số 17/2023/QH15; Căn cứ Nghị"
185630,63/2025/TT-NHNN,96/2025/QH15,"Sửa đổi, bổ sung","nhân dân Căn cứ Luật Ngân hàng Nhà nước Việt Nam số 46/2010/QH12; Căn cứ Luật Các tổ chức tín dụng số 32/2024/QH15 được sửa đổi, bổ sung bởi Luật số 96/2025/QH15; Căn cứ Luật Hợp tác xã số 17/2023/QH15; Căn cứ Nghị định số 26/2025/NĐ-CP của Chính phủ quy định c"
185630,63/2025/TT-NHNN,17/2023/QH15,"Sửa đổi, bổ sung","Việt Nam số 46/2010/QH12; Căn cứ Luật Các tổ chức tín dụng số 32/2024/QH15 được sửa đổi, bổ sung bởi Luật số 96/2025/QH15; Căn cứ Luật Hợp tác xã số 17/2023/QH15; Căn cứ Nghị định số 26/2025/NĐ-CP của Chính phủ quy định chức năng, nhiệm vụ, quyền hạn và cơ cấu"
185630,63/2025/TT-NHNN,26/2025/NĐ-CP,"Sửa đổi, bổ sung","Luật Các tổ chức tín dụng số 32/2024/QH15 được sửa đổi, bổ sung bởi Luật số 96/2025/QH15; Căn cứ Luật Hợp tác xã số 17/2023/QH15; Căn cứ Nghị định số 26/2025/NĐ-CP của Chính phủ quy định chức năng, nhiệm vụ, quyền hạn và cơ cấu tổ chức của Ngân hàng Nhà nước Việt"
185630,63/2025/TT-NHNN,29/2024/TT-NHNN,"Sửa đổi, bổ sung","am ban hành Thông tư sửa đổi, bổ sung một số điều của một số Thông tư về quỹ tín dụng nhân dân. Chương I SỬA ĐỔI, BỔ SUNG MỘT SỐ ĐIỀU CỦA THÔNG TƯ SỐ 29/2024/TT-NHNN QUY ĐỊNH VỀ QUỸ TÍN DỤNG NHÂN DÂN Điều 1. Sửa đổi, bổ sung điểm d khoản 2 Điều 25 “d) Định kỳ hằng"
185630,63/2025/TT-NHNN,01/2025/TT-NHNN,"Sửa đổi, bổ sung","Nhà nước chi nhánh phê duyệt tiếp tục thực hiện việc xử lý theo phương án đã được phê duyệt.”. Chương II SỬA ĐỔI, BỔ SUNG MỘT SỐ ĐIỀU CỦA THÔNG TƯ SỐ 01/2025/TT-NHNN QUY ĐỊNH VỀ CẤP GIẤY PHÉP LẦN ĐẦU, CẤP ĐỔI GIẤY PHÉP CỦA QUỸ TÍN DỤNG NHÂN DÂN Điều 3. Sửa đổi, bổ"
185630,63/2025/TT-NHNN,01/2025/TT-NHNN,"Sửa đổi, bổ sung","au cụm từ “Tên viết tắt bằng tiếng Anh (nếu có)” tại phần “Tên quỹ tín dụng nhân dân” tại Phụ lục số 01, 02, 03, 07, 08 ban hành kèm theo Thông tư số 01/2025/TT-NHNN. Chương III SỬA ĐỔI, BỔ SUNG MỘT SỐ ĐIỀU CỦA THÔNG TƯ SỐ 10/2025/TT-NHNN QUY ĐỊNH VỀ TỔ CHỨC LẠI, T"
185630,63/2025/TT-NHNN,10/2025/TT-NHNN,"Sửa đổi, bổ sung","ng nhân dân” tại Phụ lục số 01, 02, 03, 07, 08 ban hành kèm theo Thông tư số 01/2025/TT-NHNN. Chương III SỬA ĐỔI, BỔ SUNG MỘT SỐ ĐIỀU CỦA THÔNG TƯ SỐ 10/2025/TT-NHNN QUY ĐỊNH VỀ TỔ CHỨC LẠI, THU HỒI GIẤY PHÉP VÀ THANH LÝ TÀI SẢN CỦA QUỸ TÍN DỤNG NHÂN DÂN Điều 8. Bổ"
185630,63/2025/TT-NHNN,08/2025/TT-NHNN,"Sửa đổi, bổ sung","u khoản thi hành 1. Thông tư này có hiệu lực thi hành kể từ ngày 16 tháng 02 năm 2026. 2. Thông tư này bãi bỏ quy định tại khoản 1 Điều 2 Thông tư số 08/2025/TT-NHNN ngày 06 tháng 6 năm 2025 của Thống đốc Ngân hàng Nhà nước Việt Nam sửa đổi, bổ sung một số điều của"
185630,63/2025/TT-NHNN,43/2015/TT-NHNN,"Sửa đổi, bổ sung","1 Điều 2 Thông tư số 08/2025/TT-NHNN ngày 06 tháng 6 năm 2025 của Thống đốc Ngân hàng Nhà nước Việt Nam sửa đổi, bổ sung một số điều của Thông tư số 43/2015/TT-NHNN ngày 31 tháng 12 năm 2015 của Thống đốc Ngân hàng Nhà nước Việt Nam quy định về tổ chức và hoạt độn"
185630,63/2025/TT-NHNN,29/2024/TT-NHNN,Trích dẫn,"à nước Việt Nam quy định về tổ chức và hoạt động của phòng giao dịch bưu điện trực thuộc Ngân hàng thương mại cổ phần Bưu điện Liên Việt, Thông tư số 29/2024/TT-NHNN ngày 28 tháng 6 năm 2024 của Thống đốc Ngân hàng Nhà nước Việt Nam quy định về quỹ tín dụng nhân dâ"
185630,63/2025/TT-NHNN,32/2024/TT-NHNN,Trích dẫn,"Việt, Thông tư số 29/2024/TT-NHNN ngày 28 tháng 6 năm 2024 của Thống đốc Ngân hàng Nhà nước Việt Nam quy định về quỹ tín dụng nhân dân và Thông tư số 32/2024/TT-NHNN ngày 30 tháng 6 năm 2024 của Thống đốc Ngân hàng Nhà nước Việt Nam quy định về mạng lưới hoạt động"
117310,41/2016/TT-NHNN,46/2010/QH12,Căn cứ,"30 tháng 12 năm 2016 THÔNG TƯ Quy định tỷ lệ an toàn vốn đối với ngân hàng, chi nhánh ngân hàng nước ngoài Căn cứ Luật Ngân hàng Nhà nước Việt Nam số 46/2010/QH12 ngày 16 tháng 6 năm 2010; Căn cứ Luật các tổ chức tín dụng số 47/2010/QH12 ngày 16 tháng 6 năm 2010"
117310,41/2016/TT-NHNN,47/2010/QH12,Căn cứ,chi nhánh ngân hàng nước ngoài Căn cứ Luật Ngân hàng Nhà nước Việt Nam số 46/2010/QH12 ngày 16 tháng 6 năm 2010; Căn cứ Luật các tổ chức tín dụng số 47/2010/QH12 ngày 16 tháng 6 năm 2010; Căn cứ Nghị định số 156/2013/NĐ-CP ngày 11 tháng 11 năm 2013 của Chính ph
117310,41/2016/TT-NHNN,156/2013/NĐ-CP,Căn cứ,"ước Việt Nam số 46/2010/QH12 ngày 16 tháng 6 năm 2010; Căn cứ Luật các tổ chức tín dụng số 47/2010/QH12 ngày 16 tháng 6 năm 2010; Căn cứ Nghị định số 156/2013/NĐ-CP ngày 11 tháng 11 năm 2013 của Chính phủ quy định chức năng, nhiệm vụ, quyền hạn và cơ cấu tổ chức c"
166269,17/2023/QH15,23/2012/QH13,Trích dẫn,"ại khoản 2 Điều này. 2. Quy định tại khoản 3 và khoản 4 Điều 115 của Luật này có hiệu lực thi hành từ ngày 01 tháng 9 năm 2023. 3. Luật Hợp tác xã số 23/2012/QH13 hết hiệu lực kể từ ngày Luật này có hiệu lực thi hành, trừ quy định tại khoản 5 Điều 115 của Luật n"
166269,17/2023/QH15,23/2012/QH13,Trích dẫn,"ngày Luật này có hiệu lực thi hành. 3. Hợp tác xã, liên hiệp hợp tác xã phải chấm dứt hoạt động tín dụng nội bộ theo quy định của Luật Hợp tác xã số 23/2012/QH13 kể từ ngày 01 tháng 9 năm 2023. Các hợp đồng tín dụng nội bộ đã được ký trước ngày 01 tháng 9 năm 2"
166269,17/2023/QH15,23/2012/QH13,Thay thế,"Điều 81, Điều 82 của Luật này. 5. Chính sách của Nhà nước đối với hợp tác xã, liên hiệp hợp tác xã được ban hành theo quy định của Luật Hợp tác xã số 23/2012/QH13 được tiếp tục thực hiện cho đến khi hết thời gian áp dụng chính sách hoặc có văn bản thay thế, bãi"
44209,01/2014/TT-NHNN,46/2010/QH12,Căn cứ,"áng 01 năm 2014 THÔNG TƯ Quy định về giao nhận, bảo quản, vận chuyển tiền mặt, tài sản quý, giấy tờ có giá Căn cứ Luật Ngân hàng Nhà nước Việt Nam số 46/2010/QH12 ngày 16 tháng 6 năm 2010; Căn cứ Luật Các tổ chức tín dụng số 47/2010/QH12 ngày 16 tháng 6 năm 2010"
44209,01/2014/TT-NHNN,47/2010/QH12,Căn cứ,"ặt, tài sản quý, giấy tờ có giá Căn cứ Luật Ngân hàng Nhà nước Việt Nam số 46/2010/QH12 ngày 16 tháng 6 năm 2010; Căn cứ Luật Các tổ chức tín dụng số 47/2010/QH12 ngày 16 tháng 6 năm 2010; Căn cứ Nghị định số 156/2013/NĐ-CP ngày 11 tháng 11 năm 2013 của Chính ph"
44209,01/2014/TT-NHNN,156/2013/NĐ-CP,Căn cứ,"ước Việt Nam số 46/2010/QH12 ngày 16 tháng 6 năm 2010; Căn cứ Luật Các tổ chức tín dụng số 47/2010/QH12 ngày 16 tháng 6 năm 2010; Căn cứ Nghị định số 156/2013/NĐ-CP ngày 11 tháng 11 năm 2013 của Chính phủ quy định chức năng, nhiệm vụ, quyền hạn và cơ cấu tổ chức c"
44209,01/2014/TT-NHNN,40/2012/NĐ-CP,Căn cứ,"gày 11 tháng 11 năm 2013 của Chính phủ quy định chức năng, nhiệm vụ, quyền hạn và cơ cấu tổ chức của Ngân hàng Nhà nước Việt Nam; Căn cứ Nghị định số 40/2012/NĐ-CP ngày 02 tháng 5 năm 2012 của Chính phủ về nghiệp vụ phát hành tiền; bảo quản, vận chuyển tài sản qu"
44209,01/2014/TT-NHNN,60/2006/QĐ-NHNN,Trích dẫn,"ng tư này có hiệu lực thi hành kể từ ngày 20/02/2014. 2. Kể từ ngày Thông tư này có hiệu lực, các văn bản sau hết hiệu lực thi hành: a) Quyết định số 60/2006/QĐ-NHNN ngày 27/12/2006 của Thống đốc Ngân hàng Nhà nước ban hành Chế độ giao nhận, bảo quản, vận chuyển ti"
44209,01/2014/TT-NHNN,27/2007/QĐ-NHNN,"Sửa đổi, bổ sung","y 27/12/2006 của Thống đốc Ngân hàng Nhà nước ban hành Chế độ giao nhận, bảo quản, vận chuyển tiền mặt, tài sản quý, giấy tờ có giá; b) Quyết định số 27/2007/QĐ-NHNN ngày 21/6/2007 sửa đổi, bổ sung một số Điều của Chế độ giao nhận, bảo quản, vận chuyển tiền mặt, tà"
44209,01/2014/TT-NHNN,60/2006/QĐ-NHNN,"Sửa đổi, bổ sung","y 21/6/2007 sửa đổi, bổ sung một số Điều của Chế độ giao nhận, bảo quản, vận chuyển tiền mặt, tài sản quý, giấy tờ có giá ban hành theo Quyết định số 60/2006/QĐ-NHNN; c) Thông tư số 21/2011/TT-NHNN ngày 30/8/2011 sửa đổi, bổ sung Khoản 5 Điều 3 Chế độ giao nhận, bả"
44209,01/2014/TT-NHNN,21/2011/TT-NHNN,"Sửa đổi, bổ sung","số Điều của Chế độ giao nhận, bảo quản, vận chuyển tiền mặt, tài sản quý, giấy tờ có giá ban hành theo Quyết định số 60/2006/QĐ-NHNN; c) Thông tư số 21/2011/TT-NHNN ngày 30/8/2011 sửa đổi, bổ sung Khoản 5 Điều 3 Chế độ giao nhận, bảo quản, vận chuyển tiền mặt, tài"
44209,01/2014/TT-NHNN,60/2006/QĐ-NHNN,"Sửa đổi, bổ sung","ày 30/8/2011 sửa đổi, bổ sung Khoản 5 Điều 3 Chế độ giao nhận, bảo quản, vận chuyển tiền mặt, tài sản quý, giấy tờ có giá ban hành theo Quyết định số 60/2006/QĐ-NHNN. Điều 73. Trách nhiệm tổ chức thi hành Chánh Văn phòng, Cục trưởng Cục Phát hành và Kho quỹ, Giám đ"
25692,46/2010/QH12,51/2001/QH10,"Sửa đổi, bổ sung","c Việt Nam ________________ Căn cứ Hiến pháp nước Cộng hoà xã hội chủ nghĩa Việt Nam năm 1992 đã được sửa đổi, bổ sung một số điều theo Nghị quyết số 51/2001/QH10; Quốc hội ban hành Luật Ngân hàng Nhà nước Việt Nam. Chương I NHỮNG QUY ĐỊNH CHUNG Điều 1. Phạm vi"
25692,46/2010/QH12,01/1997/QH10,"Sửa đổi, bổ sung","ĐIỀU KHOẢN THI HÀNH Điều 65. Hiệu lực thi hành 1. Luật này có hiệu lực thi hành từ ngày 01 tháng 01 năm 2011. 2. Luật Ngân hàng Nhà nước Việt Nam số 01/1997/QH10 và Luật sửa đổi, bổ sung một số điều của Luật Ngân hàng Nhà nước Việt Nam số 10/2003/QH11 hết hiệu"
25692,46/2010/QH12,10/2003/QH11,"Sửa đổi, bổ sung","1 tháng 01 năm 2011. 2. Luật Ngân hàng Nhà nước Việt Nam số 01/1997/QH10 và Luật sửa đổi, bổ sung một số điều của Luật Ngân hàng Nhà nước Việt Nam số 10/2003/QH11 hết hiệu lực kể từ ngày Luật này có hiệu lực. Điều 66. Quy định chi tiết và hướng dẫn thi hành Chín"
