entity_id,entity_type,canonical_name,original_name,source_doc_id,method,confidence,evidence
ENT_COQ_0001,CoQuan,Quốc hội,Quốc hội,166170,metadata_rule,0.98,Từ cột co_quan_ban_hanh của metadata: Quốc hội
ENT_NGU_0002,NguoiKy,Vương Đình Huệ,Vương Đình Huệ,166170,metadata_rule,0.98,Từ cột nguoi_ky của metadata: Vương Đình Huệ
ENT_COQ_0003,CoQuan,Chính phủ,Chính phủ,112025,metadata_rule,0.98,Từ cột co_quan_ban_hanh của metadata: Chính phủ
ENT_NGU_0004,NguoiKy,Nguyễn Xuân Phúc,Nguyễn Xuân Phúc,112025,metadata_rule,0.98,Từ cột nguoi_ky của metadata: Nguyễn Xuân Phúc
ENT_COQ_0005,CoQuan,Bộ Tài chính,Bộ Tài chính,112025,gemini,0.9,Theo đề nghị của Bộ trưởng Bộ Tài chính;
ENT_DOI_0006,DoiTuongApDung,Doanh nghiệp bảo hiểm,Doanh nghiệp bảo hiểm,112025,gemini,0.92,Nghị định này áp dụng đối với: a) Doanh nghiệp bảo hiểm;
ENT_DOI_0007,DoiTuongApDung,Chi nhánh nước ngoài,Chi nhánh nước ngoài,112025,gemini,0.9,b) Chi nhánh nước ngoài;
ENT_DOI_0008,DoiTuongApDung,Doanh nghiệp môi giới bảo hiểm,Doanh nghiệp môi giới bảo hiểm,112025,gemini,0.92,c) Doanh nghiệp môi giới bảo hiểm
ENT_DOI_0009,DoiTuongApDung,đại lý bảo hiểm,đại lý bảo hiểm,112025,gemini,0.92,đại lý bảo hiểm;
ENT_DOI_0010,DoiTuongApDung,"Các tổ chức, cá nhân khác có liên quan","Các tổ chức, cá nhân khác có liên quan",112025,gemini,0.88,"d) Các tổ chức, cá nhân khác có liên quan."
ENT_LIN_0011,LinhVuc,Bảo Hiểm,Bảo hiểm,112025,gemini,0.95,tăng cường vai trò tự quản trong lĩnh vực bảo hiểm
ENT_COQ_0012,CoQuan,Ngân hàng Nhà nước Việt Nam,Ngân hàng Nhà nước Việt Nam,38128,metadata_rule,0.98,Từ cột co_quan_ban_hanh của metadata: Ngân hàng Nhà nước Việt Nam
ENT_NGU_0013,NguoiKy,Đào Minh Tú,Đào Minh Tú,38128,metadata_rule,0.98,Từ cột nguoi_ky của metadata: Đào Minh Tú
ENT_DOI_0014,DoiTuongApDung,Các đơn vị có liên quan thuộc Ngân hàng Nhà nước,Các đơn vị có liên quan thuộc Ngân hàng Nhà nước,38128,gemini,0.92,1. Các đơn vị có liên quan thuộc Ngân hàng Nhà nước.
ENT_DOI_0015,DoiTuongApDung,Nhà máy in tiền Quốc gia,Nhà máy in tiền Quốc gia,38128,gemini,0.92,2. Nhà máy in tiền Quốc gia.
ENT_DOI_0016,DoiTuongApDung,"Tổ chức, cá nhân khác có liên quan đến công việc thiết kế mẫu tiền, chế tạo bản in, khuôn đúc và in, đúc tiền","Tổ chức, cá nhân khác có liên quan đến công việc thiết kế mẫu tiền, chế tạo bản in, khuôn đúc và in, đúc tiền",38128,gemini,0.92,"3. Tổ chức, cá nhân khác có liên quan đến công việc thiết kế mẫu tiền, chế tạo bản in, khuôn đúc và in, đúc tiền."
ENT_LIN_0017,LinhVuc,Phát Hành Và Kho Quỹ,Phát hành và kho quỹ,38128,gemini,0.88,Lĩnh vực (Gốc): Phát hành và kho quỹ
ENT_COQ_0018,CoQuan,Quốc hội,Quốc hội,26750,metadata_rule,0.98,Từ cột co_quan_ban_hanh của metadata: Quốc hội
ENT_NGU_0019,NguoiKy,Nguyễn Phú Trọng,Nguyễn Phú Trọng,26750,metadata_rule,0.98,Từ cột nguoi_ky của metadata: Nguyễn Phú Trọng
ENT_DOI_0020,DoiTuongApDung,kiểm toán viên,kiểm toán viên,26750,gemini,0.92,"Luật này áp dụng đối với kiểm toán viên, kiểm toán viên hành nghề, doanh nghiệp kiểm toán, chi nhánh doanh nghiệp kiểm toán nước ngoài tại Việt Nam, đơn vị được kiểm toán, tổ chức nghề nghiệp về kiểm toán và tổ chức, cá nhân khác có liên quan đến hoạt động kiểm toán độc lập."
ENT_DOI_0021,DoiTuongApDung,kiểm toán viên hành nghề,kiểm toán viên hành nghề,26750,gemini,0.92,"Luật này áp dụng đối với kiểm toán viên, kiểm toán viên hành nghề, doanh nghiệp kiểm toán, chi nhánh doanh nghiệp kiểm toán nước ngoài tại Việt Nam, đơn vị được kiểm toán, tổ chức nghề nghiệp về kiểm toán và tổ chức, cá nhân khác có liên quan đến hoạt động kiểm toán độc lập."
ENT_DOI_0022,DoiTuongApDung,doanh nghiệp kiểm toán,doanh nghiệp kiểm toán,26750,gemini,0.92,"Luật này áp dụng đối với kiểm toán viên, kiểm toán viên hành nghề, doanh nghiệp kiểm toán, chi nhánh doanh nghiệp kiểm toán nước ngoài tại Việt Nam, đơn vị được kiểm toán, tổ chức nghề nghiệp về kiểm toán và tổ chức, cá nhân khác có liên quan đến hoạt động kiểm toán độc lập."
ENT_DOI_0023,DoiTuongApDung,chi nhánh doanh nghiệp kiểm toán nước ngoài tại Việt Nam,chi nhánh doanh nghiệp kiểm toán nước ngoài tại Việt Nam,26750,gemini,0.92,"Luật này áp dụng đối với kiểm toán viên, kiểm toán viên hành nghề, doanh nghiệp kiểm toán, chi nhánh doanh nghiệp kiểm toán nước ngoài tại Việt Nam, đơn vị được kiểm toán, tổ chức nghề nghiệp về kiểm toán và tổ chức, cá nhân khác có liên quan đến hoạt động kiểm toán độc lập."
ENT_DOI_0024,DoiTuongApDung,đơn vị được kiểm toán,đơn vị được kiểm toán,26750,gemini,0.92,"Luật này áp dụng đối với kiểm toán viên, kiểm toán viên hành nghề, doanh nghiệp kiểm toán, chi nhánh doanh nghiệp kiểm toán nước ngoài tại Việt Nam, đơn vị được kiểm toán, tổ chức nghề nghiệp về kiểm toán và tổ chức, cá nhân khác có liên quan đến hoạt động kiểm toán độc lập."
ENT_DOI_0025,DoiTuongApDung,tổ chức nghề nghiệp về kiểm toán,tổ chức nghề nghiệp về kiểm toán,26750,gemini,0.92,"Luật này áp dụng đối với kiểm toán viên, kiểm toán viên hành nghề, doanh nghiệp kiểm toán, chi nhánh doanh nghiệp kiểm toán nước ngoài tại Việt Nam, đơn vị được kiểm toán, tổ chức nghề nghiệp về kiểm toán và tổ chức, cá nhân khác có liên quan đến hoạt động kiểm toán độc lập."
ENT_DOI_0026,DoiTuongApDung,"tổ chức, cá nhân khác có liên quan đến hoạt động kiểm toán độc lập","tổ chức, cá nhân khác có liên quan đến hoạt động kiểm toán độc lập",26750,gemini,0.9,"Luật này áp dụng đối với kiểm toán viên, kiểm toán viên hành nghề, doanh nghiệp kiểm toán, chi nhánh doanh nghiệp kiểm toán nước ngoài tại Việt Nam, đơn vị được kiểm toán, tổ chức nghề nghiệp về kiểm toán và tổ chức, cá nhân khác có liên quan đến hoạt động kiểm toán độc lập."
ENT_LIN_0027,LinhVuc,Kiểm Toán Độc Lập,Kiểm toán độc lập,26750,gemini,0.95,Luật Kiểm toán độc lập
ENT_COQ_0028,CoQuan,Chính phủ,Chính phủ,163441,metadata_rule,0.98,Từ cột co_quan_ban_hanh của metadata: Chính phủ
ENT_NGU_0029,NguoiKy,Lê Minh Khái,Lê Minh Khái,163441,metadata_rule,0.98,Từ cột nguoi_ky của metadata: Lê Minh Khái
ENT_DOI_0030,DoiTuongApDung,Doanh nghiệp bảo hiểm phi nhân thọ,Doanh nghiệp bảo hiểm phi nhân thọ,163441,gemini,0.92,"Doanh nghiệp bảo hiểm phi nhân thọ, doanh nghiệp bảo hiểm nhân thọ, doanh nghiệp bảo hiểm sức khỏe (sau đây gọi là doanh nghiệp bảo hiểm), doanh nghiệp tái bảo hiểm, đại lý bảo hiểm, doanh nghiệp môi giới bảo hiểm, tổ chức, cá nhân cung cấp dịch vụ phụ trợ bảo hiểm, tổ chức tương hỗ cung cấp bảo hiểm vi mô."
ENT_DOI_0031,DoiTuongApDung,Doanh nghiệp bảo hiểm nhân thọ,Doanh nghiệp bảo hiểm nhân thọ,163441,gemini,0.92,"Doanh nghiệp bảo hiểm phi nhân thọ, doanh nghiệp bảo hiểm nhân thọ, doanh nghiệp bảo hiểm sức khỏe (sau đây gọi là doanh nghiệp bảo hiểm), doanh nghiệp tái bảo hiểm, đại lý bảo hiểm, doanh nghiệp môi giới bảo hiểm, tổ chức, cá nhân cung cấp dịch vụ phụ trợ bảo hiểm, tổ chức tương hỗ cung cấp bảo hiểm vi mô."
ENT_DOI_0032,DoiTuongApDung,Doanh nghiệp bảo hiểm sức khỏe,Doanh nghiệp bảo hiểm sức khỏe,163441,gemini,0.92,"Doanh nghiệp bảo hiểm phi nhân thọ, doanh nghiệp bảo hiểm nhân thọ, doanh nghiệp bảo hiểm sức khỏe (sau đây gọi là doanh nghiệp bảo hiểm), doanh nghiệp tái bảo hiểm, đại lý bảo hiểm, doanh nghiệp môi giới bảo hiểm, tổ chức, cá nhân cung cấp dịch vụ phụ trợ bảo hiểm, tổ chức tương hỗ cung cấp bảo hiểm vi mô."
ENT_DOI_0033,DoiTuongApDung,Doanh nghiệp tái bảo hiểm,Doanh nghiệp tái bảo hiểm,163441,gemini,0.92,"Doanh nghiệp bảo hiểm phi nhân thọ, doanh nghiệp bảo hiểm nhân thọ, doanh nghiệp bảo hiểm sức khỏe (sau đây gọi là doanh nghiệp bảo hiểm), doanh nghiệp tái bảo hiểm, đại lý bảo hiểm, doanh nghiệp môi giới bảo hiểm, tổ chức, cá nhân cung cấp dịch vụ phụ trợ bảo hiểm, tổ chức tương hỗ cung cấp bảo hiểm vi mô."
ENT_DOI_0034,DoiTuongApDung,Đại lý bảo hiểm,Đại lý bảo hiểm,163441,gemini,0.92,"Doanh nghiệp bảo hiểm phi nhân thọ, doanh nghiệp bảo hiểm nhân thọ, doanh nghiệp bảo hiểm sức khỏe (sau đây gọi là doanh nghiệp bảo hiểm), doanh nghiệp tái bảo hiểm, đại lý bảo hiểm, doanh nghiệp môi giới bảo hiểm, tổ chức, cá nhân cung cấp dịch vụ phụ trợ bảo hiểm, tổ chức tương hỗ cung cấp bảo hiểm vi mô."
ENT_DOI_0035,DoiTuongApDung,Doanh nghiệp môi giới bảo hiểm,Doanh nghiệp môi giới bảo hiểm,163441,gemini,0.92,"Doanh nghiệp bảo hiểm phi nhân thọ, doanh nghiệp bảo hiểm nhân thọ, doanh nghiệp bảo hiểm sức khỏe (sau đây gọi là doanh nghiệp bảo hiểm), doanh nghiệp tái bảo hiểm, đại lý bảo hiểm, doanh nghiệp môi giới bảo hiểm, tổ chức, cá nhân cung cấp dịch vụ phụ trợ bảo hiểm, tổ chức tương hỗ cung cấp bảo hiểm vi mô."
ENT_DOI_0036,DoiTuongApDung,"Tổ chức, cá nhân cung cấp dịch vụ phụ trợ bảo hiểm","Tổ chức, cá nhân cung cấp dịch vụ phụ trợ bảo hiểm",163441,gemini,0.92,"Doanh nghiệp bảo hiểm phi nhân thọ, doanh nghiệp bảo hiểm nhân thọ, doanh nghiệp bảo hiểm sức khỏe (sau đây gọi là doanh nghiệp bảo hiểm), doanh nghiệp tái bảo hiểm, đại lý bảo hiểm, doanh nghiệp môi giới bảo hiểm, tổ chức, cá nhân cung cấp dịch vụ phụ trợ bảo hiểm, tổ chức tương hỗ cung cấp bảo hiểm vi mô."
ENT_DOI_0037,DoiTuongApDung,Tổ chức tương hỗ cung cấp bảo hiểm vi mô,Tổ chức tương hỗ cung cấp bảo hiểm vi mô,163441,gemini,0.92,"Doanh nghiệp bảo hiểm phi nhân thọ, doanh nghiệp bảo hiểm nhân thọ, doanh nghiệp bảo hiểm sức khỏe (sau đây gọi là doanh nghiệp bảo hiểm), doanh nghiệp tái bảo hiểm, đại lý bảo hiểm, doanh nghiệp môi giới bảo hiểm, tổ chức, cá nhân cung cấp dịch vụ phụ trợ bảo hiểm, tổ chức tương hỗ cung cấp bảo hiểm vi mô."
ENT_DOI_0038,DoiTuongApDung,Chi nhánh doanh nghiệp bảo hiểm phi nhân thọ nước ngoài,Chi nhánh doanh nghiệp bảo hiểm phi nhân thọ nước ngoài,163441,gemini,0.92,"Chi nhánh doanh nghiệp bảo hiểm phi nhân thọ nước ngoài, chi nhánh doanh nghiệp tái bảo hiểm nước ngoài (sau đây gọi là chi nhánh nước ngoài tại Việt Nam)"
ENT_DOI_0039,DoiTuongApDung,Chi nhánh doanh nghiệp tái bảo hiểm nước ngoài,Chi nhánh doanh nghiệp tái bảo hiểm nước ngoài,163441,gemini,0.92,"Chi nhánh doanh nghiệp bảo hiểm phi nhân thọ nước ngoài, chi nhánh doanh nghiệp tái bảo hiểm nước ngoài (sau đây gọi là chi nhánh nước ngoài tại Việt Nam)"
ENT_DOI_0040,DoiTuongApDung,"Văn phòng đại diện của doanh nghiệp bảo hiểm nước ngoài, doanh nghiệp tái bảo hiểm nước ngoài, doanh nghiệp môi giới bảo hiểm nước ngoài, tập đoàn tài chính, bảo hiểm nước ngoài tại Việt Nam","Văn phòng đại diện của doanh nghiệp bảo hiểm nước ngoài, doanh nghiệp tái bảo hiểm nước ngoài, doanh nghiệp môi giới bảo hiểm nước ngoài, tập đoàn tài chính, bảo hiểm nước ngoài tại Việt Nam",163441,gemini,0.92,"Văn phòng đại diện của doanh nghiệp bảo hiểm nước ngoài, doanh nghiệp tái bảo hiểm nước ngoài, doanh nghiệp môi giới bảo hiểm nước ngoài, tập đoàn tài chính, bảo hiểm nước ngoài tại Việt Nam (sau đây gọi là văn phòng đại diện nước ngoài tại Việt Nam)."
ENT_DOI_0041,DoiTuongApDung,"Bên mua bảo hiểm, người được bảo hiểm, người thụ hưởng","Bên mua bảo hiểm, người được bảo hiểm, người thụ hưởng",163441,gemini,0.92,"Bên mua bảo hiểm, người được bảo hiểm, người thụ hưởng"
ENT_DOI_0042,DoiTuongApDung,Cơ quan quản lý nhà nước về hoạt động kinh doanh bảo hiểm,Cơ quan quản lý nhà nước về hoạt động kinh doanh bảo hiểm,163441,gemini,0.92,Cơ quan quản lý nhà nước về hoạt động kinh doanh bảo hiểm.
ENT_DOI_0043,DoiTuongApDung,Tổ chức và cá nhân có liên quan đến hoạt động kinh doanh bảo hiểm,Tổ chức và cá nhân có liên quan đến hoạt động kinh doanh bảo hiểm,163441,gemini,0.92,Tổ chức và cá nhân có liên quan đến hoạt động kinh doanh bảo hiểm.
ENT_LIN_0044,LinhVuc,Bảo Hiểm,Bảo hiểm,163441,gemini,0.95,Nghị định quy định chi tiết thi hành một số điều của Luật Kinh doanh bảo hiểm
ENT_COQ_0045,CoQuan,Chính phủ,Chính phủ,146468,metadata_rule,0.98,Từ cột co_quan_ban_hanh của metadata: Chính phủ
ENT_NGU_0046,NguoiKy,Nguyễn Xuân Phúc,Nguyễn Xuân Phúc,146468,metadata_rule,0.98,Từ cột nguoi_ky của metadata: Nguyễn Xuân Phúc
ENT_COQ_0047,CoQuan,Bộ Tài chính,Bộ Tài chính,146468,gemini,0.85,Theo đề nghị của Bộ trưởng Bộ Tài chính.
ENT_DOI_0048,DoiTuongApDung,"Tổ chức, cá nhân Việt Nam và tổ chức, cá nhân nước ngoài","Tổ chức, cá nhân Việt Nam và tổ chức, cá nhân nước ngoài",146468,gemini,0.92,"Tổ chức, cá nhân Việt Nam và tổ chức, cá nhân nước ngoài (sau đây gọi chung là tổ chức, cá nhân) thực hiện hành vi vi phạm hành chính trong lĩnh vực chứng khoán và thị trường chứng khoán"
ENT_DOI_0049,DoiTuongApDung,Công ty đại chúng,Công ty đại chúng,146468,gemini,0.9,a) Công ty đại chúng;
ENT_DOI_0050,DoiTuongApDung,Doanh nghiệp nhà nước,Doanh nghiệp nhà nước,146468,gemini,0.9,"b) Doanh nghiệp nhà nước, công ty trách nhiệm hữu hạn một thành viên do doanh nghiệp nhà nước nắm giữ 100% vốn điều lệ, đơn vị sự nghiệp công lập cổ phần hóa dưới hình thức chào bán chứng khoán ra công chúng;"
ENT_DOI_0051,DoiTuongApDung,Tổ chức phát hành,Tổ chức phát hành,146468,gemini,0.9,c) Tổ chức phát hành;
ENT_DOI_0052,DoiTuongApDung,"Tổ chức niêm yết, tổ chức đăng ký giao dịch","Tổ chức niêm yết, tổ chức đăng ký giao dịch",146468,gemini,0.9,"d) Tổ chức niêm yết, tổ chức đăng ký giao dịch; tổ chức tư vấn niêm yết, đăng ký giao dịch;"
ENT_DOI_0053,DoiTuongApDung,Tổ chức kiểm toán được chấp thuận,Tổ chức kiểm toán được chấp thuận,146468,gemini,0.9,đ) Tổ chức kiểm toán được chấp thuận;
ENT_DOI_0054,DoiTuongApDung,"Công ty chứng khoán, công ty quản lý quỹ đầu tư chứng khoán","Công ty chứng khoán, công ty quản lý quỹ đầu tư chứng khoán",146468,gemini,0.9,"g) Công ty chứng khoán, công ty quản lý quỹ đầu tư chứng khoán, chi nhánh, văn phòng đại diện công ty chứng khoán, công ty quản lý quỹ nước ngoài tại Việt Nam, công ty đầu tư chứng khoán;"
ENT_DOI_0055,DoiTuongApDung,Ngân hàng thương mại,Ngân hàng thương mại,146468,gemini,0.88,"k) Ngân hàng thương mại, chi nhán"
ENT_LIN_0056,LinhVuc,Chứng Khoán Và Thị Trường Chứng Khoán,Chứng khoán và thị trường chứng khoán,146468,gemini,0.95,Nghị định quy định xử phạt vi phạm hành chính trong lĩnh vực chứng khoán và thị trường chứng khoán
ENT_COQ_0057,CoQuan,Ngân hàng Nhà nước Việt Nam,Ngân hàng Nhà nước Việt Nam,168220,metadata_rule,0.98,Từ cột co_quan_ban_hanh của metadata: Ngân hàng Nhà nước Việt Nam
ENT_NGU_0058,NguoiKy,Đào Minh Tú,Đào Minh Tú,168220,metadata_rule,0.98,Từ cột nguoi_ky của metadata: Đào Minh Tú
ENT_DOI_0059,DoiTuongApDung,Ngân hàng hợp tác xã,Ngân hàng hợp tác xã,168220,gemini,0.95,1. Ngân hàng hợp tác xã.
ENT_DOI_0060,DoiTuongApDung,Quỹ tín dụng nhân dân,Quỹ tín dụng nhân dân,168220,gemini,0.95,2. Quỹ tín dụng nhân dân.
ENT_DOI_0061,DoiTuongApDung,"Tổ chức, cá nhân có liên quan đến phạm vi điều chỉnh quy định tại Điều 1 Thông tư này","Tổ chức, cá nhân có liên quan đến phạm vi điều chỉnh quy định tại Điều 1 Thông tư này",168220,gemini,0.92,"3. Tổ chức, cá nhân có liên quan đến phạm vi điều chỉnh quy định tại Điều 1 Thông tư này."
ENT_LIN_0062,LinhVuc,"Thanh Tra, Giám Sát Ngân Hàng","Thanh tra, giám sát ngân hàng",168220,gemini,0.9,"Lĩnh vực (Gốc): Thanh tra, giám sát ngân hàng"
ENT_COQ_0063,CoQuan,Chính phủ,Chính phủ,133858,metadata_rule,0.98,Từ cột co_quan_ban_hanh của metadata: Chính phủ
ENT_NGU_0064,NguoiKy,Nguyễn Xuân Phúc,Nguyễn Xuân Phúc,133858,metadata_rule,0.98,Từ cột nguoi_ky của metadata: Nguyễn Xuân Phúc
ENT_COQ_0065,CoQuan,Bộ Tài chính,Bộ Tài chính,133858,gemini,0.92,Theo đề nghị của Bộ trưởng Bộ Tài chính;
ENT_DOI_0066,DoiTuongApDung,"Các bộ, cơ quan ngang bộ, cơ quan thuộc Chính phủ","Các bộ, cơ quan ngang bộ, cơ quan thuộc Chính phủ",133858,gemini,0.93,"a) Các bộ, cơ quan ngang bộ, cơ quan thuộc Chính phủ;"
ENT_DOI_0067,DoiTuongApDung,"Ủy ban nhân dân các tỉnh, thành phố trực thuộc trung ương","Ủy ban nhân dân các tỉnh, thành phố trực thuộc trung ương",133858,gemini,0.93,"b) Ủy ban nhân dân các tỉnh, thành phố trực thuộc trung ương;"
ENT_DOI_0068,DoiTuongApDung,Các đơn vị sự nghiệp công lập,Các đơn vị sự nghiệp công lập,133858,gemini,0.93,c) Các đơn vị sự nghiệp công lập;
ENT_DOI_0069,DoiTuongApDung,Các doanh nghiệp,Các doanh nghiệp,133858,gemini,0.93,d) Các doanh nghiệp;
ENT_DOI_0070,DoiTuongApDung,Tổ chức tín dụng,Tổ chức tín dụng,133858,gemini,0.88,Công tác kiểm toán nội bộ của tổ chức tín dụng
ENT_LIN_0071,LinhVuc,Kiểm Toán Nội Bộ,Kiểm toán nội bộ,133858,gemini,0.92,NGHỊ ĐỊNH Về kiểm toán nội bộ
ENT_COQ_0072,CoQuan,Ngân hàng Nhà nước Việt Nam,Ngân hàng Nhà nước Việt Nam,169221,metadata_rule,0.98,Từ cột co_quan_ban_hanh của metadata: Ngân hàng Nhà nước Việt Nam
ENT_NGU_0073,NguoiKy,Phạm Thanh Hà,Phạm Thanh Hà,169221,metadata_rule,0.98,Từ cột nguoi_ky của metadata: Phạm Thanh Hà
ENT_DOI_0074,DoiTuongApDung,Cục Quản lý dự trữ ngoại hối nhà nước,Cục Quản lý dự trữ ngoại hối nhà nước,169221,gemini,0.88,"Cục Quản lý dự trữ ngoại hối nhà nước chủ trì, phối hợp với Vụ Chính sách tiền tệ, Vụ Quản lý ngoại hối và Vụ Dự báo, thống kê"
ENT_DOI_0075,DoiTuongApDung,Vụ Chính sách tiền tệ,Vụ Chính sách tiền tệ,169221,gemini,0.85,phối hợp với Vụ Chính sách tiền tệ
ENT_DOI_0076,DoiTuongApDung,Vụ Quản lý ngoại hối,Vụ Quản lý ngoại hối,169221,gemini,0.85,Vụ Quản lý ngoại hối
ENT_DOI_0077,DoiTuongApDung,"Vụ Dự báo, thống kê","Vụ Dự báo, thống kê",169221,gemini,0.85,"Vụ Dự báo, thống kê"
ENT_DOI_0078,DoiTuongApDung,đối tác đầu tư,đối tác đầu tư,169221,gemini,0.8,"tiêu chuẩn lựa chọn đối tác đầu tư bao gồm: tiêu chuẩn lựa chọn đối tác gửi ngoại tệ và vàng; đối tác phát hành chứng khoán, giấy tờ có giá bằng ngoại tệ; đối tác giao dịch ngoại tệ và vàng; đối tác giao dịch chứng khoán, giấy tờ có giá; đối tác lưu ký chứng khoán, giấy tờ có giá và vàng; đối tác thực hiện ủy thác đầu tư"
ENT_LIN_0079,LinhVuc,Quản Lý Ngoại Hối,Quản lý ngoại hối,169221,gemini,0.92,Lĩnh vực (Gốc): Quản lý ngoại hối
ENT_COQ_0080,CoQuan,Chính phủ,Chính phủ,95652,metadata_rule,0.98,Từ cột co_quan_ban_hanh của metadata: Chính phủ
ENT_NGU_0081,NguoiKy,Nguyễn Tấn Dũng,Nguyễn Tấn Dũng,95652,metadata_rule,0.98,Từ cột nguoi_ky của metadata: Nguyễn Tấn Dũng
ENT_DOI_0082,DoiTuongApDung,Tổ chức kinh tế,Tổ chức kinh tế,95652,gemini,0.92,Tổ chức kinh tế theo quy định tại Khoản 16 Điều 3 Luật Đầu tư
ENT_DOI_0083,DoiTuongApDung,Cá nhân có quốc tịch Việt Nam,Cá nhân có quốc tịch Việt Nam,95652,gemini,0.92,Cá nhân có quốc tịch Việt Nam thuộc đối tượng được tham gia chương trình thưởng cổ phiếu phát hành ở nước ngoài
ENT_DOI_0084,DoiTuongApDung,Các cơ quan quản lý nhà nước,Các cơ quan quản lý nhà nước,95652,gemini,0.9,Các cơ quan quản lý nhà nước tham gia quản lý hoạt động đầu tư gián tiếp ra nước ngoài
ENT_DOI_0085,DoiTuongApDung,Tổ chức kinh tế có vốn đầu tư nước ngoài,Tổ chức kinh tế có vốn đầu tư nước ngoài,95652,gemini,0.9,Tổ chức kinh tế có vốn đầu tư nước ngoài (thuộc đối tượng quy định tại Khoản 1 Điều 23 Luật Đầu tư)
ENT_LIN_0086,LinhVuc,Đầu Tư Gián Tiếp Ra Nước Ngoài,Đầu tư gián tiếp ra nước ngoài,95652,gemini,0.93,Nghị định quy định về đầu tư gián tiếp ra nước ngoài
ENT_LIN_0087,LinhVuc,Ngoại Hối,Ngoại hối,95652,gemini,0.85,Căn cứ Pháp lệnh Ngoại hối ngày 13 tháng 12 năm 2005
ENT_COQ_0088,CoQuan,Bộ Tài chính,Bộ Tài chính,f69936f0-6937-11f1-a48d-29bc6b0fd706,metadata_rule,0.98,Từ cột co_quan_ban_hanh của metadata: Bộ Tài chính
ENT_NGU_0089,NguoiKy,Nguyễn Đức Chi,Nguyễn Đức Chi,f69936f0-6937-11f1-a48d-29bc6b0fd706,metadata_rule,0.98,Từ cột nguoi_ky của metadata: Nguyễn Đức Chi
ENT_COQ_0090,CoQuan,Chính phủ,Chính phủ,f69936f0-6937-11f1-a48d-29bc6b0fd706,gemini,0.95,Nghị định số 156/2020/NĐ-CP ngày 31 tháng 12 năm 2020 của Chính phủ quy định xử phạt vi phạm hành chính trong lĩnh vực chứng khoán và thị trường chứng khoán
ENT_DOI_0091,DoiTuongApDung,Tổ chức,Tổ chức,f69936f0-6937-11f1-a48d-29bc6b0fd706,gemini,0.85,"Điều 2. Đối tượng bị xử phạt vi phạm hành chính 1. Tổ chức,"
ENT_DOI_0092,DoiTuongApDung,công ty đại chúng,công ty đại chúng,f69936f0-6937-11f1-a48d-29bc6b0fd706,gemini,0.88,vi phạm quy định về kiểm toán công ty đại chúng
ENT_DOI_0093,DoiTuongApDung,tổ chức niêm yết,tổ chức niêm yết,f69936f0-6937-11f1-a48d-29bc6b0fd706,gemini,0.88,"tổ chức niêm yết, tổ chức thực hiện chào bán chứng khoán ra công chúng"
ENT_DOI_0094,DoiTuongApDung,công ty chứng khoán,công ty chứng khoán,f69936f0-6937-11f1-a48d-29bc6b0fd706,gemini,0.88,"công ty chứng khoán, công ty đầu tư chứng khoán"
ENT_DOI_0095,DoiTuongApDung,công ty đầu tư chứng khoán,công ty đầu tư chứng khoán,f69936f0-6937-11f1-a48d-29bc6b0fd706,gemini,0.88,"công ty chứng khoán, công ty đầu tư chứng khoán"
ENT_DOI_0096,DoiTuongApDung,quỹ và công ty quản lý quỹ đầu tư chứng khoán,quỹ và công ty quản lý quỹ đầu tư chứng khoán,f69936f0-6937-11f1-a48d-29bc6b0fd706,gemini,0.88,quỹ và công ty quản lý quỹ đầu tư chứng khoán
ENT_LIN_0097,LinhVuc,Chứng Khoán Và Thị Trường Chứng Khoán,chứng khoán và thị trường chứng khoán,f69936f0-6937-11f1-a48d-29bc6b0fd706,gemini,0.95,quy định xử phạt vi phạm hành chính trong lĩnh vực chứng khoán và thị trường chứng khoán
ENT_COQ_0098,CoQuan,Bộ Tài chính,Bộ Tài chính,30402,metadata_rule,0.98,Từ cột co_quan_ban_hanh của metadata: Bộ Tài chính
ENT_NGU_0099,NguoiKy,Trần Xuân Hà,Trần Xuân Hà,30402,metadata_rule,0.98,Từ cột nguoi_ky của metadata: Trần Xuân Hà
ENT_DOI_0100,DoiTuongApDung,"Kiểm toán viên đăng ký hành nghề tại doanh nghiệp kiểm toán, chi nhánh doanh nghiệp kiểm toán nước ngoài tại Việt Nam","Kiểm toán viên đăng ký hành nghề tại doanh nghiệp kiểm toán, chi nhánh doanh nghiệp kiểm toán nước ngoài tại Việt Nam",30402,gemini,0.92,"1. Kiểm toán viên đăng ký hành nghề tại doanh nghiệp kiểm toán, chi nhánh doanh nghiệp kiểm toán nước ngoài tại Việt Nam."
ENT_DOI_0101,DoiTuongApDung,"Doanh nghiệp kiểm toán, chi nhánh doanh nghiệp kiểm toán nước ngoài tại Việt Nam","Doanh nghiệp kiểm toán, chi nhánh doanh nghiệp kiểm toán nước ngoài tại Việt Nam",30402,gemini,0.92,"2. Doanh nghiệp kiểm toán, chi nhánh doanh nghiệp kiểm toán nước ngoài tại Việt Nam (sau đây gọi chung là doanh nghiệp kiểm toán)."
ENT_DOI_0102,DoiTuongApDung,"Tổ chức, cá nhân có liên quan đến việc đăng ký, quản lý và công khai danh sách kiểm toán viên hành nghề kiểm toán","Tổ chức, cá nhân có liên quan đến việc đăng ký, quản lý và công khai danh sách kiểm toán viên hành nghề kiểm toán",30402,gemini,0.9,"3. Tổ chức, cá nhân có liên quan đến việc đăng ký, quản lý và công khai danh sách kiểm toán viên hành nghề kiểm toán."
ENT_LIN_0103,LinhVuc,Kiểm Toán,Kiểm toán,30402,gemini,0.92,"Thông tư hướng dẫn về đăng ký, quản lý và công khai danh sách kiểm toán viên hành nghề kiểm toán"
ENT_COQ_0104,CoQuan,Ngân hàng Nhà nước Việt Nam,Ngân hàng Nhà nước Việt Nam,173460,metadata_rule,0.98,Từ cột co_quan_ban_hanh của metadata: Ngân hàng Nhà nước Việt Nam
ENT_NGU_0105,NguoiKy,Đoàn Thái Sơn,Đoàn Thái Sơn,173460,metadata_rule,0.98,Từ cột nguoi_ky của metadata: Đoàn Thái Sơn
ENT_DOI_0106,DoiTuongApDung,Công ty tài chính tổng hợp,Công ty tài chính tổng hợp,173460,gemini,0.92,1. Công ty tài chính tổng hợp.
ENT_DOI_0107,DoiTuongApDung,Công ty tài chính chuyên ngành,Công ty tài chính chuyên ngành,173460,gemini,0.92,2. Công ty tài chính chuyên ngành.
ENT_DOI_0108,DoiTuongApDung,"Các tổ chức, cá nhân có liên quan đến việc cấp Giấy phép lần đầu của tổ chức tín dụng phi ngân hàng","Các tổ chức, cá nhân có liên quan đến việc cấp Giấy phép lần đầu của tổ chức tín dụng phi ngân hàng",173460,gemini,0.9,"3. Các tổ chức, cá nhân có liên quan đến việc cấp Giấy phép lần đầu của tổ chức tín dụng phi ngân hàng."
ENT_LIN_0109,LinhVuc,"Thanh Tra, Giám Sát Ngân Hàng","Thanh tra, giám sát ngân hàng",173460,gemini,0.9,"Lĩnh vực (Gốc): Thanh tra, giám sát ngân hàng"
ENT_COQ_0110,CoQuan,Ngân hàng Nhà nước Việt Nam,Ngân hàng Nhà nước Việt Nam,27257,metadata_rule,0.98,Từ cột co_quan_ban_hanh của metadata: Ngân hàng Nhà nước Việt Nam
ENT_NGU_0111,NguoiKy,Trần Minh Tuấn,Trần Minh Tuấn,27257,metadata_rule,0.98,Từ cột nguoi_ky của metadata: Trần Minh Tuấn
ENT_DOI_0112,DoiTuongApDung,Tổ chức tín dụng,Tổ chức tín dụng,27257,gemini,0.92,1. Tổ chức tín dụng;
ENT_DOI_0113,DoiTuongApDung,Chi nhánh ngân hàng nước ngoài,Chi nhánh ngân hàng nước ngoài,27257,gemini,0.92,2. Chi nhánh ngân hàng nước ngoài;
ENT_DOI_0114,DoiTuongApDung,"Tổ chức, cá nhân có liên quan đến hệ thống kiểm soát nội bộ và kiểm toán nội bộ của tổ chức tín dụng, chi nhánh ngân hàng nước ngoài","Tổ chức, cá nhân có liên quan đến hệ thống kiểm soát nội bộ và kiểm toán nội bộ của tổ chức tín dụng, chi nhánh ngân hàng nước ngoài",27257,gemini,0.9,"3. Tổ chức, cá nhân có liên quan đến hệ thống kiểm soát nội bộ và kiểm toán nội bộ của tổ chức tín dụng, chi nhánh ngân hàng nước ngoài."
ENT_LIN_0115,LinhVuc,Kiểm Soát Nội Bộ,Kiểm soát nội bộ,27257,gemini,0.85,"THÔNG TƯ Q uy định về hệ thống kiểm soát nội bộ và kiểm toán nội bộ của tổ chức tín dụng, chi nhánh ngân hàng nước ngoài"
ENT_LIN_0116,LinhVuc,Kiểm Toán Nội Bộ,Kiểm toán nội bộ,27257,gemini,0.85,"THÔNG TƯ Q uy định về hệ thống kiểm soát nội bộ và kiểm toán nội bộ của tổ chức tín dụng, chi nhánh ngân hàng nước ngoài"
ENT_COQ_0117,CoQuan,Bộ Tài chính,Bộ Tài chính,143217,metadata_rule,0.98,Từ cột co_quan_ban_hanh của metadata: Bộ Tài chính
ENT_NGU_0118,NguoiKy,Đỗ Hoàng Anh Tuấn,Đỗ Hoàng Anh Tuấn,143217,gemini,0.95,KT. BỘ TRƯỞNG THỨ TRƯỞNG (Đã ký) Đỗ Hoàng Anh Tuấn
ENT_DOI_0119,DoiTuongApDung,các doanh nghiệp quy định tại khoản 1 Điều 10 Nghị định số 05/2019/NĐ-CP,các doanh nghiệp quy định tại khoản 1 Điều 10 Nghị định số 05/2019/NĐ-CP,143217,gemini,0.92,Thông tư này áp dụng đối với các doanh nghiệp quy định tại khoản 1 Điều 10 Nghị định số 05/2019/NĐ-CP ngày 22 tháng 01 năm 2019 của Chính phủ về kiếm toán nội bộ.
ENT_DOI_0120,DoiTuongApDung,Các doanh nghiệp không thuộc quy định tại khoản 1 Điều này,Các doanh nghiệp không thuộc quy định tại khoản 1 Điều này,143217,gemini,0.88,Các doanh nghiệp không thuộc quy định tại khoản 1 Điều này được khuyến khích xây dựng Quy chế kiểm toán nội bộ trên cơ sở tham chiếu mẫu Quy chế kiểm toán nội bộ ban hành kèm theo Thông tư này.
ENT_LIN_0121,LinhVuc,Kiểm Toán,Kiểm toán,143217,gemini,0.9,Thông tư ban hành Quy chế mẫu về kiếm toán nội bộ áp dụng cho doanh nghiệp.
ENT_COQ_0122,CoQuan,Ngân hàng Nhà nước Việt Nam,Ngân hàng Nhà nước Việt Nam,168859,metadata_rule,0.98,Từ cột co_quan_ban_hanh của metadata: Ngân hàng Nhà nước Việt Nam
ENT_NGU_0123,NguoiKy,Đào Minh Tú,Đào Minh Tú,168859,metadata_rule,0.98,Từ cột nguoi_ky của metadata: Đào Minh Tú
ENT_COQ_0124,CoQuan,Bộ Tài chính,Bộ Tài chính,150974,metadata_rule,0.98,Từ cột co_quan_ban_hanh của metadata: Bộ Tài chính
ENT_NGU_0125,NguoiKy,Tạ Anh Tuấn,Tạ Anh Tuấn,150974,metadata_rule,0.98,Từ cột nguoi_ky của metadata: Tạ Anh Tuấn
ENT_DOI_0126,DoiTuongApDung,"các doanh nghiệp, cơ quan nhà nước, đơn vị sự nghiệp công lập","các doanh nghiệp, cơ quan nhà nước, đơn vị sự nghiệp công lập",150974,gemini,0.92,"Chuẩn mực kiểm toán nội bộ Việt Nam và các nguyên tắc đạo đức nghề nghiệp kiểm toán nội bộ áp dụng đối với các doanh nghiệp, cơ quan nhà nước, đơn vị sự nghiệp công lập quy định tại Điều 8, Điều 9, Điều 10 Nghị định số 05/2019/NĐ-CP"
ENT_DOI_0127,DoiTuongApDung,các tổ chức cá nhân có liên quan trong hoạt động kiểm toán nội bộ,các tổ chức cá nhân có liên quan trong hoạt động kiểm toán nội bộ,150974,gemini,0.9,và các tổ chức cá nhân có liên quan trong hoạt động kiểm toán nội bộ của các đơn vị này.
ENT_LIN_0128,LinhVuc,Kiểm Toán,Kiểm toán,150974,gemini,0.92,Ban hành chuẩn mực kiểm toán nội bộ Việt Nam và các nguyên tắc đạo đức nghề nghiệp kiểm toán nội bộ
ENT_LIN_0129,LinhVuc,Kế Toán,Kế toán,150974,gemini,0.88,Căn cứ Luật kế toán số 88/2015/QH13 ngày 20 tháng 11 năm 2015;
ENT_COQ_0130,CoQuan,Ngân hàng Nhà nước Việt Nam,Ngân hàng Nhà nước Việt Nam,164719,metadata_rule,0.98,Từ cột co_quan_ban_hanh của metadata: Ngân hàng Nhà nước Việt Nam
ENT_NGU_0131,NguoiKy,Đoàn Thái Sơn,Đoàn Thái Sơn,164719,metadata_rule,0.98,Từ cột nguoi_ky của metadata: Đoàn Thái Sơn
ENT_COQ_0132,CoQuan,Ngân hàng Nhà nước Việt Nam,Ngân hàng Nhà nước Việt Nam,173695,metadata_rule,0.98,Từ cột co_quan_ban_hanh của metadata: Ngân hàng Nhà nước Việt Nam
ENT_NGU_0133,NguoiKy,Đoàn Thái Sơn,Đoàn Thái Sơn,173695,metadata_rule,0.98,Từ cột nguoi_ky của metadata: Đoàn Thái Sơn
ENT_DOI_0134,DoiTuongApDung,Ngân hàng thương mại,Ngân hàng thương mại,173695,gemini,0.92,1. Ngân hàng thương mại.
ENT_DOI_0135,DoiTuongApDung,Chi nhánh ngân hàng nước ngoài,Chi nhánh ngân hàng nước ngoài,173695,gemini,0.92,2. Chi nhánh ngân hàng nước ngoài.
ENT_DOI_0136,DoiTuongApDung,"Văn phòng đại diện tại Việt Nam của tổ chức tín dụng nước ngoài, tổ chức nước ngoài khác có hoạt động ngân hàng","Văn phòng đại diện tại Việt Nam của tổ chức tín dụng nước ngoài, tổ chức nước ngoài khác có hoạt động ngân hàng",173695,gemini,0.92,"3. Văn phòng đại diện tại Việt Nam của tổ chức tín dụng nước ngoài, tổ chức nước ngoài khác có hoạt động ngân hàng (sau đây gọi là văn phòng đại diện nước ngoài)."
ENT_DOI_0137,DoiTuongApDung,"Các tổ chức, cá nhân có liên quan đến hồ sơ, thủ tục cấp Giấy phép lần đầu của ngân hàng thương mại, chi nhánh ngân hàng nước ngoài và văn phòng đại diện nước ngoài","Các tổ chức, cá nhân có liên quan đến hồ sơ, thủ tục cấp Giấy phép lần đầu của ngân hàng thương mại, chi nhánh ngân hàng nước ngoài và văn phòng đại diện nước ngoài",173695,gemini,0.9,"4. Các tổ chức, cá nhân có liên quan đến hồ sơ, thủ tục cấp Giấy phép lần đầu của ngân hàng thương mại, chi nhánh ngân hàng nước ngoài và văn phòng đại diện nước ngoài."
ENT_LIN_0138,LinhVuc,"Thanh Tra, Giám Sát Ngân Hàng","Thanh tra, giám sát ngân hàng",173695,gemini,0.88,"Theo đề nghị của Chánh Thanh tra, giám sát ngân hàng;"
ENT_COQ_0139,CoQuan,Ngân hàng Nhà nước Việt Nam,Ngân hàng Nhà nước Việt Nam,186482,metadata_rule,0.98,Từ cột co_quan_ban_hanh của metadata: Ngân hàng Nhà nước Việt Nam
ENT_NGU_0140,NguoiKy,Đoàn Thái Sơn,Đoàn Thái Sơn,186482,metadata_rule,0.98,Từ cột nguoi_ky của metadata: Đoàn Thái Sơn
ENT_DOI_0141,DoiTuongApDung,Công ty Quản lý tài sản,Công ty Quản lý tài sản,186482,gemini,0.92,"Chủ thể phát hành trái phiếu, trái phiếu đặc biệt là Công ty Quản lý tài sản."
ENT_DOI_0142,DoiTuongApDung,Tổ chức tín dụng,tổ chức tín dụng,186482,gemini,0.9,"Công ty Quản lý tài sản phát hành trái phiếu, trái phiếu đặc biệt để thanh toán cho các tổ chức tín dụng, chi nhánh ngân hàng nước ngoài bán nợ"
ENT_DOI_0143,DoiTuongApDung,chi nhánh ngân hàng nước ngoài,chi nhánh ngân hàng nước ngoài,186482,gemini,0.9,"Công ty Quản lý tài sản phát hành trái phiếu, trái phiếu đặc biệt để thanh toán cho các tổ chức tín dụng, chi nhánh ngân hàng nước ngoài bán nợ"
ENT_LIN_0144,LinhVuc,"Quản Lý, Giám Sát Ngân Hàng","quản lý, giám sát ngân hàng",186482,gemini,0.88,"trong lĩnh vực quản lý, giám sát ngân hàng liên quan đến cắt giảm điều kiện kinh doanh, đơn giản hóa thủ tục hành chính"
ENT_COQ_0145,CoQuan,Bộ Tài chính,Bộ Tài chính,112924,metadata_rule,0.98,Từ cột co_quan_ban_hanh của metadata: Bộ Tài chính
ENT_NGU_0146,NguoiKy,Trần Xuân Hà,Trần Xuân Hà,112924,metadata_rule,0.98,Từ cột nguoi_ky của metadata: Trần Xuân Hà
ENT_DOI_0147,DoiTuongApDung,tổ chức kinh doanh chứng khoán,tổ chức kinh doanh chứng khoán,112924,gemini,0.93,"Thông tư này áp dụng đối với tổ chức kinh doanh chứng khoán, quỹ đầu tư chứng khoán, công ty đầu tư chứng khoán, doanh nghiệp kinh doanh bảo hiểm"
ENT_DOI_0148,DoiTuongApDung,quỹ đầu tư chứng khoán,quỹ đầu tư chứng khoán,112924,gemini,0.93,"Thông tư này áp dụng đối với tổ chức kinh doanh chứng khoán, quỹ đầu tư chứng khoán, công ty đầu tư chứng khoán, doanh nghiệp kinh doanh bảo hiểm"
ENT_DOI_0149,DoiTuongApDung,công ty đầu tư chứng khoán,công ty đầu tư chứng khoán,112924,gemini,0.93,"Thông tư này áp dụng đối với tổ chức kinh doanh chứng khoán, quỹ đầu tư chứng khoán, công ty đầu tư chứng khoán, doanh nghiệp kinh doanh bảo hiểm"
ENT_DOI_0150,DoiTuongApDung,doanh nghiệp kinh doanh bảo hiểm,doanh nghiệp kinh doanh bảo hiểm,112924,gemini,0.93,"Thông tư này áp dụng đối với tổ chức kinh doanh chứng khoán, quỹ đầu tư chứng khoán, công ty đầu tư chứng khoán, doanh nghiệp kinh doanh bảo hiểm"
ENT_DOI_0151,DoiTuongApDung,"các cơ quan, tổ chức, cá nhân có liên quan đến hoạt động đầu tư gián tiếp ra nước ngoài","các cơ quan, tổ chức, cá nhân có liên quan đến hoạt động đầu tư gián tiếp ra nước ngoài",112924,gemini,0.9,"và các cơ quan, tổ chức, cá nhân có liên quan đến hoạt động đầu tư gián tiếp ra nước ngoài."
ENT_LIN_0152,LinhVuc,Chứng Khoán,Chứng khoán,112924,gemini,0.88,Căn cứ Luật Chứng khoán ngày 29 tháng 6 năm 2006
ENT_LIN_0153,LinhVuc,Bảo Hiểm,Bảo hiểm,112924,gemini,0.88,Căn cứ Luật Kinh doanh bảo hiểm ngày 09 tháng 12 năm 2000
ENT_LIN_0154,LinhVuc,Đầu Tư,Đầu tư,112924,gemini,0.85,Căn cứ Luật Đầu tư ngày 26 tháng 11 năm 2014
ENT_COQ_0155,CoQuan,Ngân hàng Nhà nước Việt Nam,Ngân hàng Nhà nước Việt Nam,174218,metadata_rule,0.98,Từ cột co_quan_ban_hanh của metadata: Ngân hàng Nhà nước Việt Nam
ENT_NGU_0156,NguoiKy,Đoàn Thái Sơn,Đoàn Thái Sơn,174218,metadata_rule,0.98,Từ cột nguoi_ky của metadata: Đoàn Thái Sơn
ENT_DOI_0157,DoiTuongApDung,Các tổ chức tín dụng,Các tổ chức tín dụng,174218,gemini,0.92,Các tổ chức tín dụng bao gồm: a) Ngân hàng thương mại; b) Tổ chức tín dụng phi ngân hàng
ENT_DOI_0158,DoiTuongApDung,Ngân hàng thương mại,Ngân hàng thương mại,174218,gemini,0.92,Ngân hàng thương mại
ENT_DOI_0159,DoiTuongApDung,Tổ chức tín dụng phi ngân hàng,Tổ chức tín dụng phi ngân hàng,174218,gemini,0.92,Tổ chức tín dụng phi ngân hàng bao gồm công ty tài chính tổng hợp và công ty tài chính chuyên ngành
ENT_DOI_0160,DoiTuongApDung,"Tổ chức, cá nhân có liên quan đến việc tổ chức lại tổ chức tín dụng","Tổ chức, cá nhân có liên quan đến việc tổ chức lại tổ chức tín dụng",174218,gemini,0.9,"Tổ chức, cá nhân có liên quan đến việc tổ chức lại tổ chức tín dụng."
ENT_LIN_0161,LinhVuc,"Thanh Tra, Giám Sát Ngân Hàng","Thanh tra, giám sát ngân hàng",174218,gemini,0.88,"Theo đề nghị của Chánh Thanh tra, giám sát ngân hàng"
ENT_COQ_0162,CoQuan,Ngân hàng Nhà nước Việt Nam,Ngân hàng Nhà nước Việt Nam,186888,metadata_rule,0.98,Từ cột co_quan_ban_hanh của metadata: Ngân hàng Nhà nước Việt Nam
ENT_NGU_0163,NguoiKy,Đoàn Thái Sơn,Đoàn Thái Sơn,186888,metadata_rule,0.98,Từ cột nguoi_ky của metadata: Đoàn Thái Sơn
ENT_COQ_0164,CoQuan,Ngân hàng Nhà nước Việt Nam,Ngân hàng Nhà nước Việt Nam,6e689cd0-6f81-11f1-94d6-fd5d6d5ff793,metadata_rule,0.98,Từ cột co_quan_ban_hanh của metadata: Ngân hàng Nhà nước Việt Nam
ENT_NGU_0165,NguoiKy,Đoàn Thái Sơn,Đoàn Thái Sơn,6e689cd0-6f81-11f1-94d6-fd5d6d5ff793,metadata_rule,0.98,Từ cột nguoi_ky của metadata: Đoàn Thái Sơn
ENT_COQ_0166,CoQuan,Ngân hàng Nhà nước Việt Nam,Ngân hàng Nhà nước Việt Nam,185630,metadata_rule,0.98,Từ cột co_quan_ban_hanh của metadata: Ngân hàng Nhà nước Việt Nam
ENT_NGU_0167,NguoiKy,Đoàn Thái Sơn,Đoàn Thái Sơn,185630,metadata_rule,0.98,Từ cột nguoi_ky của metadata: Đoàn Thái Sơn
ENT_COQ_0168,CoQuan,Ngân hàng Nhà nước Việt Nam,Ngân hàng Nhà nước Việt Nam,117310,metadata_rule,0.98,Từ cột co_quan_ban_hanh của metadata: Ngân hàng Nhà nước Việt Nam
ENT_NGU_0169,NguoiKy,Nguyễn Đồng Tiến,Nguyễn Đồng Tiến,117310,metadata_rule,0.98,Từ cột nguoi_ky của metadata: Nguyễn Đồng Tiến
ENT_COQ_0170,CoQuan,Quốc hội,Quốc hội,166269,metadata_rule,0.98,Từ cột co_quan_ban_hanh của metadata: Quốc hội
ENT_NGU_0171,NguoiKy,Vương Đình Huệ,Vương Đình Huệ,166269,metadata_rule,0.98,Từ cột nguoi_ky của metadata: Vương Đình Huệ
ENT_COQ_0172,CoQuan,Ngân hàng Nhà nước Việt Nam,Ngân hàng Nhà nước Việt Nam,177271,metadata_rule,0.98,Từ cột co_quan_ban_hanh của metadata: Ngân hàng Nhà nước Việt Nam
ENT_NGU_0173,NguoiKy,Đoàn Thái Sơn,Đoàn Thái Sơn,177271,metadata_rule,0.98,Từ cột nguoi_ky của metadata: Đoàn Thái Sơn
ENT_COQ_0174,CoQuan,Ngân hàng Nhà nước Việt Nam,Ngân hàng Nhà nước Việt Nam,44209,metadata_rule,0.98,Từ cột co_quan_ban_hanh của metadata: Ngân hàng Nhà nước Việt Nam
ENT_NGU_0175,NguoiKy,Đào Minh Tú,Đào Minh Tú,44209,metadata_rule,0.98,Từ cột nguoi_ky của metadata: Đào Minh Tú
ENT_COQ_0176,CoQuan,Quốc hội,Quốc hội,25692,metadata_rule,0.98,Từ cột co_quan_ban_hanh của metadata: Quốc hội
ENT_NGU_0177,NguoiKy,Nguyễn Phú Trọng,Nguyễn Phú Trọng,25692,metadata_rule,0.98,Từ cột nguoi_ky của metadata: Nguyễn Phú Trọng
